row_id,rating_num
14785,7.22
15125,5.545
13095,5.99
6079,6.7
16584,7.185
18508,6.14
18731,6.265
13610,7.615
21768,6.09
14463,7.005
4031,7.225
22418,6.84
5288,6.995
11744,6.68
4123,6.84
25449,6.275
19207,7.625
4488,6.555
19810,6.41
21238,6.785
18326,7.64
17178,6.145
21709,6.065
4027,6.53
23561,6.435
9246,6.87
14185,7.305
23650,7.32
29151,5.645
2585,7.41
2286,6.755
3243,6.545
14552,7.37
26746,6.195
12891,6.675
21499,6.675
28160,5.52
14105,7.225
17309,7.085
10918,6.675
24719,6.14
21121,6.695
10532,6.64
26159,5.645
12023,4.87
12018,7.35
21079,6.61
9136,4.755
21235,6.13
23907,6.245
8350,6.36
28069,5.625
5750,7.73
27778,5.97
17016,5.445
9779,5.955
17427,8.075
24122,5.67
13958,6.945
1839,7.45
14444,6.295
16671,6.825
106,6.61
22230,6.72
25307,6.46
2292,7.18
27909,5.545
26929,5.53
26110,5.91
21830,6.675
25693,6.495
16496,6.88
16402,4.54
26636,5.51
18458,5.545
19122,6.515
21646,6.24
28172,5.31
27955,5.46
1367,7.0
12203,5.315
20498,6.23
19714,5.83
18249,6.96
29005,5.88
25340,5.685
6245,7.76
1975,6.625
25669,6.505
17560,5.625
14459,7.655
29048,6.265
26839,5.55
2041,3.53
13597,7.265
25721,6.14
4004,6.635
8160,4.775
8958,6.3
25944,6.13
10426,7.285
26295,6.445
28538,5.505
24875,6.24
11587,8.23
21775,5.855
2299,7.77
7789,6.62
19451,4.43
12791,6.78
18833,6.19
10807,6.025
16688,7.235
28470,5.835
28049,5.855
25209,6.32
4283,6.195
7091,7.215
26829,5.845
17428,5.585
27396,5.655
24624,5.52
28772,5.535
9389,7.035
29088,5.625
5090,7.09
16059,7.57
7680,6.985
19217,6.57
4277,6.445
6140,6.54
6797,6.11
25655,6.56
4257,8.11
11931,7.89
25268,6.1
9695,4.865
27086,5.92
17772,7.09
28045,6.395
20788,6.65
22520,6.685
5351,6.925
20320,5.755
2611,7.245
29198,5.655
14716,6.085
27235,6.33
20929,6.28
27307,6.07
13659,4.955
29197,6.99
28730,6.125
13701,7.245
26933,5.935
5976,7.795
27435,5.715
870,5.22
3183,7.375
10497,6.54
20692,5.995
24687,5.99
11217,7.37
25124,6.48
4475,7.24
22241,6.865
3782,7.13
25034,5.865
205,7.825
18590,7.055
1825,6.995
28862,6.15
3758,5.065
29004,5.36
17773,5.435
15161,6.635
14683,6.115
11875,6.2
24247,7.06
1203,6.98
21696,5.78
16741,7.205
24362,5.88
10656,6.505
23618,5.8
14301,6.75
26200,5.595
23175,6.0
3639,7.115
28233,5.465
27057,5.57
25026,6.275
12961,6.77
13767,7.51
26169,7.07
25838,6.15
26202,6.09
22159,6.81
4777,7.07
14632,6.905
11757,6.665
3116,6.645
6173,7.75
3723,4.93
19493,6.47
4207,7.0
14079,6.68
7613,7.62
27313,5.57
19002,6.96
6266,6.245
7240,7.08
25435,6.6
10288,6.49
11028,7.465
6946,5.45
16405,7.69
16181,6.245
4158,8.71
16780,6.32
25719,5.925
15053,5.79
2644,6.33
23500,5.76
1013,7.24
11715,6.165
13768,5.32
4157,7.41
2333,6.43
28604,6.08
25316,6.37
19298,6.695
25079,6.44
8330,7.33
24317,6.185
13242,7.38
25014,6.055
567,7.715
7520,5.145
8926,8.845
12534,5.215
21045,6.5
18722,6.8
25265,6.26
15854,5.41
28524,5.805
23717,7.485
21889,5.54
28064,6.06
28705,5.86
23416,6.625
18346,7.59
23851,6.875
28780,5.725
12118,6.585
10926,6.6
6070,7.24
2149,7.445
6098,7.235
19125,5.85
23985,6.33
26527,5.43
4770,7.33
19567,7.025
26479,6.025
24107,6.085
9029,6.41
11022,8.29
1472,6.515
7356,6.28
12014,6.845
24849,5.505
5104,7.035
4663,7.135
25629,6.4
16195,8.405
26486,6.155
2222,7.05
12833,6.69
28879,5.735
5254,7.895
4805,7.605
23411,5.905
2733,7.235
2961,8.055
8966,7.675
25068,6.145
7403,6.41
23555,6.785
5096,4.5
10018,6.87
26173,5.705
11214,7.195
27201,5.89
21951,6.53
1616,6.495
24284,6.455
3759,5.075
8434,6.945
7195,7.54
16238,6.14
14701,7.41
6611,7.515
6278,7.145
13108,6.975
10740,7.335
3663,7.59
28452,5.685
23436,6.18
9525,7.355
24535,6.505
12981,7.2
11251,6.46
18494,6.815
24445,6.275
18370,6.2
1717,7.11
8488,6.835
15118,5.93
100,6.025
11912,6.32
11767,6.265
11762,6.15
27379,5.59
10486,6.575
14239,6.37
1530,6.315
8908,4.77
20365,6.915
27727,5.86
4204,6.52
23190,6.68
11998,7.425
9404,6.34
20662,4.82
12142,7.7
16369,6.945
28203,6.015
9409,4.96
16535,7.975
12063,6.525
14847,6.185
21632,6.13
10505,5.97
21592,6.3
12160,6.655
8186,6.73
27660,6.135
22496,5.775
7879,6.585
27354,5.385
16418,7.22
8997,6.405
16740,6.52
5287,7.895
5862,6.15
13559,6.725
16958,6.315
27076,5.545
8266,7.785
25911,6.32
23520,5.755
23898,4.6
13692,6.14
14658,6.89
26922,6.175
8347,6.61
20056,6.745
4741,7.225
17279,6.62
29217,6.215
25945,6.095
8767,5.985
1166,6.04
15960,6.03
14311,7.31
21810,6.64
19997,6.58
15169,5.145
25937,5.845
17725,7.185
13641,6.935
24920,7.165
21684,7.02
11512,6.265
12680,6.26
25491,6.86
26054,5.83
20773,6.37
28332,6.265
12703,5.725
17532,6.33
2232,5.83
26348,6.325
314,6.935
20532,6.38
7344,6.745
27663,5.46
13877,7.285
936,7.2
415,7.585
10491,6.88
2849,7.265
15176,5.87
22153,6.805
25964,5.98
24634,6.13
9761,5.515
12657,7.83
21657,6.79
3368,5.71
6508,7.96
8569,7.865
14306,7.565
2628,7.24
28416,5.515
814,6.795
15886,6.435
24911,6.285
24598,6.335
6618,7.15
19417,7.22
27420,5.58
4020,6.92
15438,8.045
20147,6.585
18869,6.99
14451,7.1
20230,8.035
24443,6.705
9163,7.075
26213,6.02
20409,7.035
22392,6.89
17782,6.385
12043,6.765
13909,4.405
10788,7.97
4955,6.57
4407,4.935
7823,7.995
4234,7.695
5060,7.05
21158,6.65
28782,6.51
21987,7.72
2764,7.77
4756,6.735
9561,6.17
7425,4.175
6221,6.72
17418,6.275
15445,6.335
28024,5.36
12415,5.17
6900,7.84
20066,5.855
7070,6.57
22878,7.27
28990,5.815
18950,6.595
26736,5.935
14564,7.815
25875,5.755
23975,6.735
17167,6.95
9782,6.455
21137,6.605
27115,6.355
14432,6.095
16483,6.7
15096,6.33
21935,5.755
2242,7.9
26559,6.185
16835,7.145
11371,6.915
24750,6.325
13818,6.295
14526,7.12
21613,7.74
14188,7.83
8498,6.285
27476,5.69
23160,6.185
11804,8.28
17417,6.995
21728,6.98
8005,5.84
26567,6.225
21094,6.425
4836,6.32
7192,7.665
11706,7.32
6319,6.69
16843,7.055
7930,7.675
20318,6.58
7113,6.855
10112,6.735
15354,8.26
16435,8.09
28347,5.495
25639,6.005
5954,6.49
12807,6.285
28515,5.64
673,7.305
28697,5.83
22608,6.605
12913,7.0
27099,5.835
5196,6.165
21105,7.355
17963,7.515
16691,5.75
17728,6.425
17467,7.54
4746,7.195
28848,6.705
20639,6.02
26082,6.105
21209,7.26
365,6.225
13881,6.17
6754,6.445
12065,6.615
10235,5.895
25969,5.94
271,6.935
26253,5.97
11721,5.315
18643,8.03
17341,7.18
20653,7.36
13935,6.67
13269,6.325
15893,7.005
12935,7.55
4601,7.385
8661,6.66
20048,5.48
5101,7.98
13504,5.92
28145,5.565
23997,6.515
9599,7.9
10517,6.455
17730,6.39
1918,6.885
22062,8.22
21153,6.475
24505,6.51
16033,6.545
21432,7.55
9279,7.88
25012,5.985
7926,7.95
6330,4.595
23902,7.105
7286,6.795
12606,7.065
8476,6.355
12895,7.065
3984,7.11
22473,7.535
5003,7.605
25624,6.42
3010,5.94
13970,7.21
23163,7.495
15827,6.915
20839,6.99
11748,6.075
11582,6.425
3061,6.86
16909,6.005
11007,5.665
28283,5.685
24046,5.685
27602,5.81
13691,6.43
4110,6.54
22861,5.83
22565,6.98
10976,7.395
579,7.505
2174,7.495
24172,6.18
13567,7.29
9384,6.685
28448,6.105
5227,6.825
23141,6.73
16301,7.05
9179,6.22
21573,5.02
1466,6.12
2700,6.585
20826,7.48
15360,5.605
7692,7.32
11528,5.115
8456,8.55
31,7.245
24266,6.415
28244,5.81
1064,7.575
18746,6.32
18143,5.595
23569,6.595
26365,6.91
26945,5.57
7509,7.845
17835,6.915
10458,7.27
13586,6.78
24175,6.235
4502,6.95
23691,7.42
14366,7.555
23219,5.9
29161,5.695
4559,7.13
16501,6.685
16267,5.84
26379,5.66
6160,6.895
15917,6.665
11074,6.35
15269,6.725
8328,6.36
19180,7.105
13645,6.48
14187,7.465
26049,5.84
16243,7.03
18781,8.715
18062,6.145
8920,6.3
4394,6.365
3623,6.41
27217,6.17
7245,6.04
17653,7.365
19505,7.725
28267,5.935
5486,7.735
28302,5.965
17755,6.635
392,7.805
5577,7.6
24160,7.465
4655,7.87
14357,5.71
13466,3.925
19673,6.615
24000,6.425
7521,5.27
27143,6.07
3982,7.065
8459,8.25
26842,5.825
20012,6.775
23940,7.56
8215,8.01
29109,5.505
25557,6.53
12880,6.67
1104,6.785
11655,7.365
21678,5.99
2478,4.63
12158,6.81
20353,6.27
2040,3.57
23686,7.015
12438,7.565
11754,7.94
2171,6.475
26336,5.63
26282,6.165
27859,6.76
5690,6.92
21967,6.455
2320,6.32
13608,6.9
22264,6.35
17008,6.56
28353,5.82
10265,8.09
14438,7.375
26674,6.2
21479,7.1
22347,6.83
27212,5.81
16317,7.145
563,7.365
27595,5.995
8956,7.56
7343,6.75
3013,6.69
1590,6.51
28197,6.21
11950,6.32
3645,7.585
21195,5.17
5733,7.595
21954,7.8
6542,6.65
3938,7.215
26601,5.455
14113,6.735
8466,7.305
20246,6.0
28205,5.6
28465,5.905
29199,5.815
13837,6.945
28905,5.735
1383,7.37
2546,7.285
26984,5.825
1569,6.76
17771,6.29
13494,5.7
26005,5.67
26734,5.98
19005,7.14
20585,6.06
24162,6.17
23549,6.515
7065,6.375
26118,6.21
8258,7.26
13600,7.88
14737,6.45
14516,5.92
28534,5.765
7994,7.895
6999,5.525
26797,5.835
23911,5.99
16450,6.415
4728,7.16
7497,7.24
7375,7.235
4080,8.055
11996,6.045
11068,6.48
28912,5.75
7145,5.55
6363,7.4
5427,7.56
1375,6.015
7152,6.225
24856,6.38
17430,6.97
629,7.08
6327,7.96
5972,7.405
27577,5.975
26584,6.91
3000,6.955
28019,6.57
14169,7.59
13255,7.59
8159,4.495
22216,6.485
25830,5.49
7441,7.3
2673,6.125
11842,5.385
6661,6.38
12035,6.33
26093,6.04
15650,6.74
26546,5.76
5236,5.825
17540,6.815
15210,7.625
2533,6.385
16523,7.135
22225,6.17
6335,7.22
19545,7.07
19773,6.745
23552,6.35
16031,6.405
5746,6.065
21936,6.835
14372,6.385
14312,6.93
5128,6.9
16900,7.485
17066,6.125
19022,6.99
6255,7.73
14805,7.04
19764,6.195
1257,7.635
27405,5.99
24821,7.155
20886,6.835
1815,4.435
6086,6.625
12375,5.84
4172,6.575
14517,6.015
15761,6.23
2615,5.775
1507,6.38
12361,7.315
28021,5.735
18824,7.42
27402,5.725
12422,6.53
27734,5.865
10398,7.08
118,5.14
2458,6.055
5532,6.51
11840,7.465
26062,5.46
6229,6.995
17589,6.465
27372,5.6
1777,5.705
18337,6.735
20288,7.23
18194,5.85
19008,6.005
12082,7.18
21486,6.145
13467,4.055
26150,6.015
2395,6.67
27502,6.09
29012,5.71
16348,6.795
148,7.2
27791,5.68
26712,6.135
9219,8.0
13181,7.27
2071,6.135
5449,6.605
15756,6.31
15485,6.28
10670,8.045
26914,5.5
8783,6.785
11019,7.885
26495,5.84
16167,6.715
19253,7.995
12564,6.32
16485,6.6
19947,6.02
12409,6.925
16513,7.295
1943,8.02
24021,6.075
28756,5.5
5470,6.235
10882,7.09
2035,6.89
382,6.875
1109,6.38
21228,6.51
20419,6.285
20060,6.745
3638,6.995
11678,7.405
18907,6.245
7957,4.895
4745,7.905
2674,6.635
14129,7.805
5663,6.735
22066,6.755
26075,6.595
17962,6.545
683,7.3
10564,8.29
8888,6.565
24128,6.935
26979,5.255
14258,7.135
1904,7.1
24260,6.735
12852,7.695
12484,7.775
20738,5.93
23271,6.05
26820,5.67
10609,7.02
17180,7.565
13928,7.23
13621,6.555
21703,7.595
3349,7.59
22988,6.89
24574,6.1
21873,6.175
21650,6.75
11339,6.805
24759,5.845
20161,5.945
21802,5.815
13753,7.1
25458,5.62
907,7.635
3815,5.305
19886,6.495
5214,6.5
24770,5.655
19705,7.655
19244,7.79
15636,7.695
25984,6.29
18250,7.735
24137,7.1
28325,5.425
6654,7.845
19463,7.005
13180,6.93
23306,6.43
3360,7.28
13959,7.21
12910,7.38
20709,7.48
15076,6.995
21888,6.995
13250,6.0
4497,6.135
1401,6.58
17226,6.035
5595,6.625
6329,6.66
6887,6.93
10943,6.83
7603,6.785
20805,6.545
702,6.985
2054,7.315
28011,5.42
23633,7.44
19525,6.515
24485,5.785
23536,6.28
2195,5.685
5444,8.395
4786,6.49
7614,6.18
12418,6.98
6565,6.615
22486,7.175
17280,8.09
1817,6.595
28822,5.685
26749,6.075
9894,8.195
26519,5.91
29127,5.54
2124,7.225
21626,6.235
24835,6.615
10028,7.05
14506,7.145
14272,4.91
18110,5.385
20789,6.445
16565,5.72
4331,6.015
6026,5.97
23374,7.165
16542,6.785
7870,6.86
9815,3.54
13093,8.135
10736,4.745
17784,7.715
23551,6.135
17840,7.435
16116,7.67
28693,5.495
9615,6.365
25799,6.37
28762,6.03
2021,6.18
21743,7.095
21150,6.14
24795,6.055
9422,7.79
13515,7.235
15962,7.345
28226,5.605
21504,7.255
21174,6.625
29057,5.73
12511,7.685
864,6.345
28097,5.815
2661,6.69
14238,6.73
24979,6.9
27176,6.06
24898,6.13
22741,6.02
26963,5.63
925,6.86
27051,5.935
4637,6.075
9240,6.83
17747,7.395
10659,7.48
9311,6.49
13061,5.95
20392,7.175
21831,7.035
13802,6.45
5521,6.325
26815,5.645
15315,7.16
23113,5.995
11495,6.915
27668,6.0
716,4.99
11905,6.59
27951,6.155
27392,5.805
24277,5.835
13832,7.17
16891,7.0
18384,4.005
18350,7.14
15964,6.855
15187,4.86
17645,5.6
16840,6.13
24678,5.67
5902,7.2
17438,6.57
1678,8.435
25297,6.55
22911,6.29
8787,6.695
25386,6.445
19599,6.345
19654,7.155
9574,5.995
14540,7.395
15461,6.68
11743,6.45
24396,5.785
16065,6.515
13889,7.33
816,7.37
28602,5.39
1571,7.005
15703,5.94
20177,6.59
9437,6.86
20628,6.775
15449,5.945
20492,7.435
1718,5.475
19055,7.295
19995,5.99
4563,7.775
11604,7.02
16415,6.405
20529,6.86
23112,5.875
27485,5.65
15887,7.895
25872,5.705
27516,5.72
15766,5.375
21450,6.02
14325,6.425
14327,7.3
27286,5.84
13039,6.78
5345,6.425
8268,4.86
27631,5.675
14769,6.69
15744,6.87
22109,6.17
12454,7.215
16069,8.215
24120,5.605
7983,7.165
930,7.09
22726,6.25
18835,7.35
18956,6.735
3104,5.945
23303,6.395
18665,7.595
8190,5.09
2648,6.81
17592,7.345
23365,6.2
26948,5.635
11876,6.78
21162,6.84
427,8.06
16699,6.93
15770,7.495
23613,7.495
24570,6.015
23660,5.79
12017,6.25
4481,6.76
21273,7.96
15809,7.855
26156,7.15
4569,5.905
19566,6.735
6723,6.465
18442,6.695
1181,8.44
3699,8.105
25160,6.54
23293,6.31
16862,6.385
28141,6.01
28544,5.39
6603,6.25
1949,5.58
20469,7.495
1453,5.82
15681,7.22
12243,6.585
27083,5.535
6982,7.235
1258,6.44
6473,5.975
14047,6.295
25507,6.825
27245,5.885
15028,5.91
4402,6.39
10254,5.97
856,6.55
20869,6.01
3835,6.48
14832,7.195
14416,6.625
28173,5.215
2408,6.03
24727,5.6
23490,6.115
4980,7.63
28377,5.525
15327,7.36
13651,6.74
15872,7.465
6388,6.94
19424,6.48
8737,7.72
7718,6.98
27121,5.525
12226,5.675
8073,7.215
22840,6.91
17272,6.6
20851,6.815
18501,8.08
6863,4.96
18157,7.47
15548,5.715
17106,7.26
7243,6.895
5020,7.645
17959,7.095
10812,6.21
1788,4.8
19865,6.935
16279,5.86
3124,7.1
2888,7.415
26648,6.115
2454,7.77
26938,5.33
26974,5.895
5634,6.785
14897,7.145
18144,5.64
23282,6.37
20999,7.52
27757,6.3
4822,6.255
26044,6.01
24844,6.745
2588,7.38
7201,7.39
4950,6.68
12159,6.425
23216,6.24
26827,6.485
17021,7.03
4083,6.715
16825,5.97
7308,6.575
22602,6.695
22659,7.195
4526,6.98
15178,6.58
16750,7.28
17307,6.51
1006,7.6
10479,6.655
27958,6.045
18213,7.785
11386,7.45
27249,5.46
6404,7.17
25578,7.205
27314,5.835
18449,6.64
1180,6.72
10302,5.58
26804,5.845
8540,6.775
26542,6.23
20397,6.655
18468,6.22
13712,7.02
28206,6.245
13943,6.505
18276,7.305
25883,5.545
6227,6.575
21918,6.5
15017,7.615
18407,6.61
19386,6.585
28031,5.82
24950,6.905
12168,7.39
19857,7.3
18324,5.65
12031,6.99
24177,7.16
12179,5.575
17664,6.71
5215,6.475
20537,7.005
12198,7.46
5456,7.73
16820,7.06
15123,6.635
24410,6.02
21200,6.43
18309,7.585
29128,5.935
24739,6.77
6522,6.62
25153,6.03
24139,5.755
11602,7.0
25630,5.51
28957,5.73
23377,5.905
18057,6.27
10982,6.2
4265,6.875
11409,6.58
8189,8.19
13885,7.195
15530,8.215
22150,5.92
17114,5.66
24589,6.505
8394,7.605
14746,5.655
21765,6.24
25093,5.78
1727,7.81
12862,7.73
15923,8.185
15965,6.085
8970,6.32
26978,5.3
7435,7.705
3507,6.04
20262,7.735
19846,7.025
23696,6.285
10241,7.42
6224,7.02
4404,7.815
14903,6.54
11085,7.515
11533,6.255
24455,5.91
11563,7.09
22402,7.075
8659,6.885
7623,7.035
22475,7.79
917,8.43
16786,6.23
29100,5.36
28920,5.53
22873,7.11
27163,5.735
28704,5.945
2391,7.875
6578,6.695
9734,7.595
22305,7.265
6871,6.815
14731,6.425
13205,6.69
26437,6.125
9139,7.445
6045,7.3
6412,7.255
25692,6.625
20588,5.925
28580,6.43
12117,6.85
5211,5.735
28529,5.64
17876,5.35
21115,5.75
3527,6.65
3443,6.93
28930,5.77
17093,6.085
26508,6.18
18130,6.265
15657,6.09
23768,6.8
959,7.605
18569,7.515
20125,5.53
2492,6.545
24364,5.845
7336,5.61
5780,7.79
10915,6.885
18782,8.65
21799,6.22
15347,7.78
19111,5.47
28370,5.735
12890,7.765
19644,6.135
16064,6.445
6356,6.345
21034,6.82
20085,6.845
13528,6.455
12286,6.61
8413,6.9
24305,6.09
17261,6.96
19611,7.65
10529,6.675
7523,6.665
23755,6.24
15323,6.99
7896,6.025
20584,6.945
23742,6.525
24809,6.115
15322,6.735
10498,6.555
22716,7.07
794,7.255
5986,6.96
25190,5.825
27861,5.72
8901,6.7
17882,6.915
25599,5.675
9843,7.795
14389,6.51
9700,6.425
14549,6.675
21128,6.9
28342,5.31
22706,6.065
5473,7.675
23388,7.46
29201,5.875
21416,6.25
23208,4.16
9451,5.97
15653,6.91
22495,6.61
26002,5.925
4701,7.155
8277,5.93
12357,4.715
12463,7.54
24187,5.745
26782,5.97
5069,6.37
4824,6.78
5308,7.555
2987,6.445
24707,7.57
27766,5.755
19168,6.06
1887,8.07
24815,7.325
13291,8.44
18777,6.775
27933,5.5
381,7.505
20536,5.87
18139,5.35
17350,6.965
23495,7.085
8359,8.185
22632,6.505
20480,5.875
24544,6.26
26650,6.15
14075,6.99
28120,5.735
16778,8.04
14409,5.665
26555,6.095
15651,6.885
25271,7.04
2161,7.245
12697,6.865
23045,6.01
17666,5.21
14354,6.83
15910,6.905
18418,7.95
17102,7.395
25573,6.77
698,6.48
6751,7.74
28536,5.675
21960,5.725
2428,6.67
21424,6.53
10655,6.105
17783,6.415
20403,6.615
10575,7.38
23546,6.61
2537,7.68
21184,6.64
26745,6.1
13398,7.32
862,7.2
13819,7.135
22517,6.425
9386,6.96
28089,5.865
27490,5.885
22119,7.085
14876,6.575
12072,5.825
23378,6.09
46,6.705
24590,5.95
20681,6.685
25055,6.035
7055,6.495
10350,6.255
18322,7.41
24796,5.685
21772,6.285
4758,7.765
13183,7.54
20833,6.595
1647,7.255
17281,7.455
6577,7.53
2450,6.18
24231,6.49
8253,7.825
22848,5.025
25232,6.72
19972,8.13
21492,5.975
24448,6.255
22108,6.385
11679,6.88
6185,7.82
15075,6.78
17288,7.305
10572,3.955
6959,6.565
12914,6.86
4547,7.24
20627,6.175
28736,5.67
20570,7.57
7876,7.365
13409,6.785
14646,6.52
7417,6.945
25755,5.87
28066,6.175
27192,5.905
10047,7.295
28568,5.67
23464,5.635
26800,6.5
4558,6.995
13007,6.64
13862,6.295
4444,7.025
8640,5.86
19796,5.495
25378,5.595
28723,5.775
12253,6.145
21429,7.465
322,7.115
13591,6.13
6917,7.415
428,7.66
17403,6.735
22625,6.405
12533,5.635
28117,5.805
4401,6.155
5485,6.76
24581,6.24
1629,6.12
4391,6.98
17536,6.67
2433,7.25
20903,6.4
27561,5.89
15666,5.265
7832,8.035
14041,7.43
27804,5.745
27620,5.855
4320,7.385
20389,6.195
23697,6.515
4890,7.205
1653,6.415
17829,6.09
28304,5.615
18142,6.62
26858,5.62
2675,5.745
23657,6.565
79,6.48
11663,6.67
1438,6.585
3218,7.305
8934,7.535
25595,6.29
13129,6.285
27963,5.795
8335,6.9
25370,6.13
7473,7.495
26129,5.35
1584,6.31
12553,6.9
27765,5.66
22948,7.955
21462,6.985
16705,7.055
17714,7.35
12563,6.295
25343,6.3
29085,5.79
22698,6.57
9316,5.025
1480,6.825
11448,6.19
3199,6.345
20078,6.7
12651,6.81
5507,8.54
8647,6.895
1846,6.535
28682,5.02
11523,5.825
26465,6.175
17476,5.67
330,6.25
19197,6.295
6457,6.27
27273,5.645
18460,7.105
20122,6.78
9790,6.355
20932,6.935
10027,7.61
4210,7.69
10895,6.025
20968,7.165
27605,5.91
16569,6.755
10759,7.305
10971,6.845
798,7.14
1186,7.5
20124,5.67
3665,6.485
25347,5.895
26266,6.52
19036,5.63
4041,6.065
4995,6.61
3625,4.895
5719,6.495
28836,5.775
19229,5.945
7369,5.615
11870,7.01
5618,8.24
5897,6.75
14220,7.04
9663,6.895
25201,6.025
9533,7.065
26280,6.02
3943,6.84
17289,5.995
17372,7.37
14046,8.265
15814,6.485
19219,5.675
11355,6.255
11553,7.02
264,7.21
19786,7.23
11550,7.295
17335,6.53
8756,7.225
8234,3.8
934,7.205
1101,7.215
21010,7.255
4992,5.355
17293,6.545
16250,7.415
26382,6.56
26789,5.96
7593,4.695
19060,7.105
25282,6.495
15891,6.375
8836,7.005
13690,7.01
25484,5.725
20579,6.64
9017,6.965
18791,6.0
7380,7.825
16518,6.72
8267,6.56
9638,6.79
24005,7.28
7754,7.565
23909,6.395
25123,6.355
20950,6.48
18647,7.725
18233,6.515
20212,7.29
26492,5.745
4183,6.215
6758,7.325
15605,7.445
3593,7.365
2154,7.24
5098,6.225
23317,6.98
5589,6.74
25237,6.37
4590,5.86
22358,6.235
26962,5.765
18163,6.835
9704,6.705
17717,8.385
25898,7.205
11345,5.16
25551,6.245
4685,6.315
13024,7.355
9452,5.74
14625,7.245
1535,6.135
28774,5.545
10035,6.525
15950,6.915
5010,5.77
2952,6.07
6547,6.885
17368,6.55
7427,7.995
2072,6.63
404,6.135
6615,6.32
4243,6.83
22939,6.08
12696,6.96
24660,5.95
6637,6.645
1778,5.93
23143,5.47
13686,8.245
18176,6.555
15490,6.525
2526,7.495
11086,5.695
22028,6.365
5016,6.415
26230,5.92
17826,7.075
22804,7.145
18413,7.485
14598,7.225
18308,6.51
18134,6.65
28628,5.88
9650,5.995
26781,6.55
22749,5.04
9113,7.225
24335,6.375
15029,6.69
3483,8.02
5458,7.97
2693,5.755
14551,7.4
16194,6.265
5344,6.36
12956,6.67
26999,5.815
20460,5.915
20793,7.42
18467,6.7
29190,6.04
1207,7.77
2778,7.605
10889,6.855
15719,7.82
25904,5.645
15549,6.605
16234,6.795
7698,6.255
1287,7.43
17328,7.515
3792,7.065
5021,6.26
10782,4.66
6124,5.93
23900,7.315
2297,8.025
8136,6.715
12604,5.995
7498,6.445
23093,6.325
11890,5.92
93,6.71
28715,6.015
20421,7.115
6459,7.94
2358,6.44
4052,7.435
25028,5.965
27995,5.665
1414,7.215
13704,6.38
15344,6.145
19994,5.12
19617,6.53
13303,6.5
7586,6.825
24383,6.86
17194,7.305
4476,7.53
1497,7.925
19116,7.365
21484,6.67
24337,7.205
11552,6.715
25422,6.355
20963,6.525
15304,7.555
8431,5.93
26008,6.06
23709,5.085
8963,7.05
9994,7.49
21336,6.61
20611,5.575
11109,6.865
3618,7.18
24336,6.065
1684,7.77
14298,7.085
828,6.86
29086,5.905
19502,6.705
7472,6.16
18852,6.855
7027,3.855
18557,6.48
10924,7.355
27421,5.77
27614,5.925
27190,5.575
28181,5.5
14494,6.58
16237,6.955
3472,7.61
12086,7.445
17642,6.545
19676,5.58
4935,7.345
26785,5.66
10885,8.145
604,7.515
26573,5.6
1467,7.225
1703,4.31
20976,5.93
27707,5.485
19711,7.38
23091,6.295
8916,6.995
7395,3.47
19990,6.0
22637,6.825
17894,6.52
16504,6.605
20828,6.795
14824,5.22
28694,6.215
18060,7.285
18761,6.55
8045,4.76
26810,6.175
22176,6.495
9186,6.43
10250,6.54
18385,4.225
12836,5.94
26672,5.7
4736,6.78
3540,5.47
5349,7.22
23588,5.655
25276,6.295
1036,7.265
12334,5.995
22548,7.805
25069,6.195
15830,6.13
25476,5.77
18715,6.76
20297,6.84
24818,5.82
15749,8.32
28282,5.535
4719,7.495
21091,6.88
23656,6.75
28975,5.675
23528,6.005
28427,5.815
20576,7.58
26801,6.28
13101,5.225
22583,6.5
14732,6.575
13956,7.14
3148,4.175
27220,5.86
642,7.085
4082,6.575
2110,7.76
28511,5.76
5388,6.6
18812,6.6
4922,4.87
5175,6.735
21191,5.825
17584,7.255
20053,6.915
5651,7.25
7653,6.765
18694,7.795
22146,6.39
9385,7.015
17937,6.5
14844,6.44
22579,6.15
16670,7.055
17752,8.125
4212,3.995
12053,7.755
26143,6.305
14031,5.655
27527,5.41
229,7.07
22193,6.755
25121,6.405
29105,6.06
3040,6.96
3534,7.47
8938,6.96
26604,6.385
7020,6.61
5649,7.665
741,6.205
12385,6.315
16337,5.905
1726,7.655
1750,7.425
27199,5.895
16810,5.365
25326,6.32
5395,7.21
10571,7.26
590,5.63
26643,6.745
11453,7.875
16609,7.7
18377,7.8
624,7.06
21937,6.73
6139,4.92
6735,6.23
14403,6.89
19648,6.28
21226,6.68
2747,6.05
6606,6.98
2140,6.44
8692,3.81
4318,6.68
27338,5.935
19754,7.14
22823,6.28
7391,6.695
18493,8.415
2522,6.02
13811,6.075
14651,6.88
7440,7.685
11819,6.58
9460,6.98
23646,8.155
14983,6.72
23945,7.165
7612,6.19
27446,5.37
6874,7.2
7814,6.98
11043,6.785
12907,7.065
29129,5.585
25706,5.77
1386,6.94
28732,5.835
18880,6.03
7455,7.485
9448,6.755
20018,6.05
13619,6.455
21434,6.325
3764,4.58
20525,7.515
2698,6.855
26719,5.745
21365,6.265
25709,5.965
29225,6.69
26634,6.39
27196,5.92
5784,8.015
28161,5.48
21705,6.36
8833,7.06
2483,6.955
12646,6.695
17478,6.255
16809,5.42
4855,6.815
17469,6.82
25810,6.025
19251,6.205
6613,6.26
16424,6.59
11378,7.245
26924,5.99
24650,6.455
23138,5.73
2078,7.64
27745,5.765
24496,6.17
26346,5.86
2410,6.815
21134,6.12
15828,6.935
25489,5.83
1372,6.85
18254,3.855
855,6.84
26175,5.87
10169,5.785
16608,8.01
22259,5.655
25453,6.11
15407,6.265
21551,6.065
26042,6.03
7178,6.865
1648,7.215
19825,6.795
14514,6.77
25446,7.05
7918,8.235
13251,7.67
27272,5.775
25440,6.215
18406,7.145
22331,6.54
27767,5.72
8721,6.36
10928,7.17
23606,6.635
4548,7.66
14800,5.88
4916,8.835
749,6.605
12679,7.795
24441,6.02
19915,7.925
12262,6.525
882,5.555
6034,6.885
24776,6.725
8725,7.165
8168,6.815
1252,6.21
19447,4.575
14172,6.45
19196,6.19
18675,7.815
1029,7.4
27133,5.98
27983,5.235
23710,5.155
17283,7.275
28855,5.57
12254,6.05
27718,6.845
26993,5.34
2289,7.145
26756,6.21
1864,6.5
9791,6.805
4538,7.015
24931,6.6
23934,6.03
27475,6.115
27720,5.865
25128,6.19
18752,6.815
13960,7.115
2555,7.375
15,6.52
7461,7.75
27206,5.875
24836,6.45
8447,7.245
8437,6.74
8978,8.07
9357,6.76
2415,6.52
5623,7.71
2738,7.385
25313,5.895
27880,5.92
3255,6.925
10342,7.415
8983,6.68
21926,6.635
18923,6.84
14080,6.38
24011,6.02
9651,7.16
7573,6.41
5983,7.28
24449,6.95
6799,7.225
19710,6.73
446,7.22
25596,6.335
15184,5.975
923,7.0
26043,6.475
10608,5.47
19312,8.01
19761,6.935
24071,6.555
21446,5.305
7548,7.29
19932,7.11
7635,6.565
23658,6.46
12561,6.565
6879,8.21
4579,7.955
7167,7.385
15408,6.76
11992,5.85
24810,5.835
27017,6.05
8036,5.96
18749,7.23
16927,6.705
20394,7.035
29083,5.96
6104,7.44
27511,5.8
14750,8.05
1277,7.835
2921,5.97
12771,6.145
9117,5.725
13091,7.305
10046,5.335
19227,5.865
11816,6.945
5887,7.46
8775,6.835
19444,7.53
19308,7.47
18185,7.795
15276,6.755
4861,6.51
13625,6.095
4981,6.275
28660,5.65
12687,6.545
3323,6.705
9347,7.19
7545,5.845
21376,6.365
26891,6.23
5376,7.65
750,6.525
28467,5.55
22139,6.12
26702,5.43
2498,6.17
26469,5.845
23261,6.785
9446,7.735
20906,5.72
9343,7.92
11850,5.86
5558,8.085
28550,5.525
27869,5.735
5077,6.34
5640,6.94
3504,7.325
12215,6.9
13298,6.395
1650,7.0
28196,5.86
3340,4.795
28086,6.275
8832,6.22
7287,6.45
11346,5.735
13493,7.595
24321,5.565
21669,7.255
22417,5.72
12954,6.87
27601,5.67
20809,5.825
534,8.605
24910,6.14
24888,6.13
144,6.995
26727,6.285
12029,6.275
15954,7.635
5638,6.855
22996,7.145
22080,6.85
292,7.225
18886,7.345
28520,5.575
275,6.385
4276,6.32
12416,6.195
7932,7.765
11320,6.83
2788,6.6
21907,7.8
15710,4.7
15508,6.595
17249,6.665
2724,6.85
21931,6.4
1495,7.56
28522,5.64
6720,6.185
405,5.805
18510,6.355
7968,5.825
21955,8.175
7887,5.29
24334,6.345
7602,6.83
12672,6.835
26640,6.32
18925,6.25
9016,6.2
17183,6.455
13152,6.63
835,7.175
19661,5.885
12860,5.79
3301,5.165
15011,6.445
4747,7.635
13576,6.5
25918,6.03
12965,6.165
16819,5.485
17332,7.965
27465,6.85
19967,7.38
9220,6.765
21944,5.635
20461,6.655
10755,6.395
5823,7.175
18338,7.17
15563,7.12
23609,7.05
7021,7.785
26140,6.715
1171,6.485
17702,6.405
25518,5.9
28187,6.19
9109,6.28
13653,6.73
16629,7.115
22031,6.79
16591,6.255
24145,7.47
11412,5.85
6612,5.555
28321,6.245
8882,5.935
6526,7.405
12406,6.18
21159,8.0
887,7.12
14828,7.635
13353,7.6
24579,6.1
17924,6.295
17387,6.43
8380,7.66
14471,7.545
2574,6.775
4477,7.72
18287,8.1
447,7.97
13030,6.595
18832,7.07
19050,6.04
4213,5.34
24612,6.62
8302,6.315
23809,6.29
17997,7.135
13018,6.5
12676,6.815
27085,5.875
25414,6.415
7134,5.83
21426,6.525
7874,7.9
27879,5.735
27394,5.495
13077,6.53
10485,7.68
13841,6.385
20772,6.035
164,7.04
12273,7.605
9475,6.75
15600,7.545
24049,7.65
5670,4.73
19834,5.555
25471,6.1
1265,6.88
2686,7.48
19637,6.33
18542,6.45
6007,6.6
16492,7.1
5410,5.77
8844,6.545
17159,5.585
6039,6.715
18318,7.51
25258,6.57
3817,6.455
10351,6.87
21348,7.185
10268,7.175
25713,6.89
2329,7.28
15035,6.77
19046,7.66
7124,6.78
18822,6.975
26795,5.81
27755,6.21
1206,7.44
2034,7.17
22539,6.76
18526,6.14
22884,6.24
10509,7.61
15619,7.43
18514,8.425
8865,5.595
22405,5.95
1819,5.675
23481,4.88
26415,6.915
28978,5.635
16198,8.005
18492,4.09
23821,5.815
18014,7.305
12705,5.64
12133,7.005
12892,6.35
21251,7.245
666,6.15
1081,8.005
22121,6.89
17493,8.145
27651,5.805
24064,6.27
13530,7.27
23103,6.55
24758,6.39
7131,6.11
26314,6.25
11856,6.945
27849,5.73
2429,6.51
27400,5.61
20962,6.57
5866,7.465
11723,3.99
24331,5.99
25493,5.82
18105,6.895
6296,6.59
4612,5.63
29076,5.08
25367,5.945
13512,6.665
21252,6.89
28298,6.32
18565,6.87
14365,5.76
10171,7.035
27404,6.205
22789,7.22
12496,6.02
12905,7.135
6862,4.825
22086,6.515
27260,5.82
18034,6.235
17984,7.62
22764,5.985
23347,6.805
28335,6.06
4134,6.705
9741,6.795
19675,7.355
28714,5.785
7342,6.84
5644,8.01
20613,6.205
19533,6.975
24097,6.96
11501,6.475
1910,7.04
22809,6.95
9287,7.165
23453,7.66
7090,7.0
3882,7.12
11112,8.2
27327,6.2
23766,6.065
16649,7.62
19395,3.22
18270,6.39
7061,8.605
17812,6.61
22987,6.05
17367,6.21
26190,6.18
25677,5.905
8627,6.995
22256,7.075
25374,6.755
19094,5.0
7574,7.875
22013,5.955
23250,6.265
19795,6.055
27024,5.715
12255,6.8
26424,5.745
24932,6.17
23367,7.92
8046,7.21
738,7.27
28121,5.695
18639,7.145
20502,5.665
3862,6.715
28867,6.19
11993,5.99
5655,7.445
27978,6.375
1565,7.91
13216,7.075
7039,5.765
5116,6.75
22061,6.21
3841,6.075
10421,5.645
12927,7.845
6576,7.34
6402,6.665
25525,6.205
16335,7.765
6422,7.085
20279,6.76
12464,7.975
2203,6.815
21311,5.65
25040,6.15
17979,6.325
28587,5.7
26609,5.785
7153,6.42
9719,6.275
15511,7.105
14878,7.44
27572,5.385
20642,6.52
22835,7.225
27103,5.615
24933,6.235
16804,6.855
20885,6.935
27325,5.735
14691,7.255
5622,6.56
12120,6.01
25447,6.505
15826,4.94
11510,6.675
13803,7.355
8449,7.295
27626,6.36
18184,6.5
28913,5.705
5362,6.775
2442,4.0
20457,6.7
22665,6.115
27691,5.8
24912,6.525
22978,6.165
28626,5.75
5259,6.77
7566,5.125
11076,6.815
695,8.09
8641,6.78
13786,6.26
3942,7.51
23507,7.07
891,7.37
26463,6.665
5932,4.735
4192,6.775
28375,5.98
15698,6.175
12267,7.75
3529,6.645
25391,6.67
23434,6.815
14572,6.97
73,6.65
17030,6.69
6676,7.565
6088,7.685
16153,6.865
13695,6.825
28621,5.905
23798,6.835
18857,6.265
6763,7.51
18360,6.28
4252,5.855
23509,7.49
27836,5.775
21966,6.225
28475,5.965
3939,6.285
20996,7.53
23274,7.36
19793,6.555
774,5.015
20196,6.215
9399,4.935
18271,6.64
3636,5.425
6701,7.94
10002,6.45
17502,6.135
28578,5.495
9344,7.725
15033,7.575
3354,6.565
6066,3.375
7392,5.21
20842,7.09
12854,6.76
28996,5.595
28073,6.935
13428,5.415
3001,7.045
7171,6.95
944,7.605
2201,8.04
28562,5.02
28667,5.105
28199,5.695
4000,6.98
24889,6.84
21032,6.05
23483,5.13
5518,7.125
14349,8.08
15414,7.035
14112,7.255
21735,5.06
22639,4.835
26430,6.17
26020,5.81
26388,6.065
15629,6.08
8324,5.6
15066,6.71
8781,7.465
2676,5.41
14959,6.55
8430,6.855
26496,6.07
17455,6.17
19801,5.945
20786,6.875
636,6.65
12629,6.735
19981,6.255
23944,6.375
21714,6.215
24576,6.01
26639,6.205
3683,6.15
18797,6.675
17096,7.53
3176,6.695
674,7.375
9693,6.69
8243,7.255
15807,6.525
19062,7.09
19335,5.86
21555,6.03
20539,7.115
8861,7.25
17667,6.43
10844,6.455
21454,5.545
22612,6.585
6585,6.465
10374,4.92
8313,5.18
16644,5.71
27870,6.41
24705,6.74
9608,6.525
1770,7.845
15012,6.635
9453,6.975
27612,5.94
3824,6.62
7482,6.26
23674,7.065
4828,6.53
23995,6.385
15127,6.525
27846,6.97
26092,5.815
26426,6.125
23277,6.245
13430,5.965
12331,8.57
813,7.205
13330,6.31
5672,7.405
26541,5.885
27641,5.87
6015,7.505
17092,6.525
28936,5.76
8423,8.325
2012,6.225
20149,6.675
9664,7.005
14000,7.185
4335,7.045
18798,6.65
13253,6.855
24412,6.21
20808,6.875
4228,6.915
13056,7.65
24467,7.31
15311,7.065
19934,6.11
24320,5.78
5067,7.14
25736,5.86
717,7.61
18659,7.035
27800,5.67
17541,6.155
21847,6.155
21180,6.365
23961,5.61
16278,6.675
11554,6.21
28193,5.75
1644,6.815
3805,7.505
16251,7.09
12936,7.83
22898,6.84
20304,6.905
25600,5.56
1527,6.87
27183,5.94
4542,7.03
766,5.67
28737,5.5
27648,6.81
14027,4.585
8748,7.155
9610,5.77
3449,6.405
1170,7.03
8828,8.32
26068,6.29
19868,6.925
7756,5.34
2146,6.32
12544,5.1
15562,5.755
18381,7.255
25539,6.08
25211,6.365
25385,6.45
18943,6.025
10588,6.81
251,5.88
10845,6.675
12459,7.8
4398,7.16
27268,5.885
23075,6.41
18738,6.795
3222,6.845
17786,7.175
21991,5.76
27098,5.825
25346,6.525
20767,7.285
6625,6.14
16012,7.04
13743,8.425
1266,6.65
5796,6.575
18823,6.48
7883,6.965
16246,7.145
20949,6.92
29195,5.5
26796,5.81
12642,7.08
2135,6.825
1890,7.61
23394,6.835
26537,5.905
21086,6.89
7881,7.465
26267,5.81
1963,6.065
12978,6.845
13580,6.575
17936,7.44
16784,5.915
18186,7.43
22690,6.985
20034,6.835
25294,6.54
24866,5.95
24136,6.025
26866,5.96
27267,6.3
2539,7.305
4459,5.835
28065,6.175
15385,7.075
19292,7.065
20548,5.86
11161,6.605
24745,6.475
9060,7.025
14710,6.775
27202,5.86
25472,6.82
10675,6.19
25317,6.005
25192,6.2
21488,6.09
7565,5.23
5350,7.035
27466,6.14
377,6.08
500,7.175
1102,7.175
27375,5.61
7898,6.945
25741,5.65
12736,7.62
27008,6.12
4872,7.345
19743,6.18
19943,5.93
2913,5.725
28243,5.685
22210,7.185
19656,6.51
28059,5.49
27987,5.535
17992,7.53
18819,7.16
27703,5.535
25553,5.625
18356,7.015
11029,7.375
21187,5.9
2671,7.15
7744,6.775
7739,6.425
14275,8.025
13429,6.045
15949,4.26
3111,7.18
29032,5.695
18135,6.42
4887,7.425
1875,8.635
22129,6.545
16080,7.26
3284,7.855
12186,7.695
27393,5.405
4150,4.18
18742,5.965
3418,5.88
16331,6.58
28179,5.13
19520,7.76
13994,6.525
3422,6.335
15888,7.775
22959,5.835
19713,5.81
20327,5.645
11605,6.7
877,7.78
28240,6.31
2274,7.02
24033,7.44
20197,6.46
1128,6.585
19580,6.495
11069,7.01
21148,6.56
29150,5.89
25369,6.145
8810,6.43
24994,6.355
26279,6.55
18818,7.685
28603,5.975
20035,6.795
7033,6.675
28895,5.87
27178,5.76
28769,6.025
21736,4.725
17416,6.91
11646,6.84
29177,6.275
20371,6.785
28571,5.86
21205,6.63
6870,6.755
5176,6.97
8555,6.92
22882,6.97
12999,6.125
11983,6.475
13839,7.725
24503,6.29
14997,6.315
2958,7.905
2558,7.885
14050,6.48
24504,7.085
22918,6.615
26539,6.105
9303,6.92
9627,7.505
24181,5.945
27306,5.735
27973,6.105
15644,6.09
24613,6.345
26806,6.835
3348,7.79
12257,7.345
14318,7.57
10783,4.77
1631,7.195
21834,7.335
3585,6.71
5441,6.7
24837,5.91
20616,6.595
28051,7.065
25439,5.985
24827,6.425
25962,6.455
9300,7.02
28451,5.575
28349,5.58
3968,7.415
17995,6.58
28314,5.91
29216,5.885
27040,5.605
9292,7.515
7544,7.8
20545,6.275
24010,6.325
26972,5.82
18606,7.32
25191,6.15
2682,6.895
15260,6.685
13408,7.44
5043,7.65
18964,6.67
25035,6.145
27054,5.605
21351,6.73
24466,6.08
5692,7.085
21013,6.02
4670,6.25
2607,6.185
26083,5.55
10581,7.4
11741,7.625
21104,6.29
16444,5.585
3431,6.7
11153,7.105
13051,6.21
5139,5.8
15489,5.055
3219,6.71
10799,6.875
6297,6.395
28291,5.67
10067,7.445
4664,7.785
15948,6.935
18957,6.37
9923,5.985
457,6.67
3458,6.015
27458,6.73
4376,6.175
2914,5.515
13640,6.29
9182,7.03
22302,6.17
28483,5.77
18519,6.205
26377,6.325
23364,6.225
26387,5.725
29180,5.93
2141,6.545
22924,6.88
7529,7.355
27132,5.705
10409,7.035
16097,7.65
14281,7.285
13806,8.73
12012,7.54
9941,6.53
22649,6.81
20802,6.695
26968,5.715
7840,6.28
15005,7.16
28158,5.575
17044,7.85
18522,6.205
11814,6.41
27508,5.52
10733,7.195
22834,6.995
23703,6.515
16306,7.69
18975,6.435
27449,5.925
22187,6.62
24816,5.6
5914,7.255
15036,6.85
26203,6.03
22648,6.38
28943,5.715
16411,7.845
18988,6.53
27984,6.535
25831,6.53
24235,6.72
24730,5.98
20814,6.89
24450,6.975
21036,6.87
1573,6.71
11138,6.105
12333,5.72
25345,6.3
26366,6.035
19167,6.21
4516,7.91
17751,7.55
16426,7.95
2739,6.025
22175,6.88
23535,7.065
460,5.925
818,6.295
26198,6.705
19320,6.15
20176,6.38
13650,7.97
6704,7.14
1079,6.955
27542,5.49
12396,6.59
5459,7.9
27584,5.915
15958,7.605
1323,6.81
26446,6.155
12214,4.96
16593,6.62
1649,6.13
5732,6.645
5679,7.22
17964,7.46
14458,6.845
25365,6.345
13488,6.275
28466,5.78
11874,7.395
20575,7.52
6122,7.125
4702,6.67
25561,6.535
1088,6.84
27881,5.97
21833,6.165
10939,6.81
16709,6.3
11279,8.345
7032,6.71
21345,6.56
6087,7.06
18430,6.565
15643,6.82
8907,7.365
17759,7.06
23482,5.155
24273,5.825
10618,6.385
28835,5.535
16715,6.89
5472,7.65
13276,6.415
21880,6.625
1522,7.9
16410,6.065
25241,6.1
11722,6.745
9740,7.6
6965,6.705
18730,5.385
23429,6.595
4881,7.185
20047,5.965
10158,6.775
23132,6.605
5547,6.515
28579,5.34
25865,6.025
16965,6.38
28237,5.61
10156,6.505
1517,7.72
15892,6.825
25139,5.915
5636,6.975
24099,5.5
7837,5.215
24186,6.85
21553,6.02
22474,6.095
18512,7.875
25910,6.2
4266,4.72
8108,6.83
26337,5.725
25319,6.51
26176,5.915
21363,6.655
27506,5.77
17696,6.675
28218,5.575
14880,5.71
7969,6.695
16803,6.115
29183,5.645
23265,7.77
4472,6.21
5234,8.355
26181,6.545
7821,6.115
25454,5.81
19388,6.055
19842,6.175
8140,7.375
212,6.795
8176,7.52
11786,6.24
22240,7.44
14456,6.84
7469,6.26
10582,7.545
20546,6.275
16110,8.3
6112,5.59
12180,6.8
6423,7.35
20370,6.75
21367,6.155
22154,6.565
13902,7.79
3695,7.29
9413,6.12
8929,5.715
8154,7.53
6793,8.075
12655,5.715
15379,8.38
18216,6.495
9121,7.225
21428,6.82
22584,6.38
22812,6.425
27888,5.575
28402,5.815
28053,6.295
8171,5.735
8878,7.705
28596,5.71
8982,6.755
6236,7.465
3660,7.215
21790,7.105
64,6.17
15585,6.015
28264,5.825
6898,6.51
6561,6.015
11185,5.265
22856,6.69
19408,6.92
17049,6.31
17912,7.36
19161,8.055
24633,6.29
2056,7.895
11187,7.02
25670,6.355
6182,6.53
27650,5.905
5578,7.32
3163,7.635
5313,7.905
25324,6.025
19555,5.76
21894,6.61
10548,6.74
1024,6.6
25821,6.15
25290,6.33
25579,5.585
10791,6.63
25631,5.94
13912,6.115
25368,6.0
21590,7.39
4634,7.02
18061,7.17
6998,7.4
16433,7.065
12520,6.395
23083,6.39
22802,6.955
28426,5.7
8212,8.025
626,6.66
173,6.865
16459,7.13
14866,5.66
17818,6.485
20406,6.25
9780,6.755
28559,5.955
21623,7.27
3314,7.125
12131,7.825
22208,6.625
16494,5.85
9035,5.33
12716,6.805
2052,6.265
14509,7.34
1378,8.01
26254,6.22
21925,6.675
15661,5.17
357,7.46
4105,7.22
19897,6.7
17340,6.185
3220,6.955
8228,6.57
25817,6.525
14235,6.45
5834,7.45
29132,5.815
2927,8.49
17917,6.235
12934,7.27
14888,6.205
10851,7.49
14140,7.045
23642,6.22
28597,5.745
1366,7.43
20621,6.32
24427,6.025
6840,6.845
10559,6.765
14322,7.525
13444,7.305
257,5.81
3359,7.075
6409,6.53
27787,6.16
15255,7.155
8432,7.395
15245,6.835
14638,7.5
17466,6.67
22839,6.935
1840,6.935
25500,6.445
14380,6.275
24738,5.85
2978,6.91
22067,6.78
10599,8.215
1364,6.62
26752,6.015
6554,8.515
21221,6.145
11714,6.065
2392,7.18
5849,5.23
15416,6.165
14117,5.805
4875,5.83
10727,7.4
8489,7.575
14685,6.6
15057,7.715
22196,6.45
26951,5.965
3077,7.41
28328,5.655
20195,8.035
16908,6.035
20380,7.315
28144,5.615
25062,5.885
994,1.655
12051,5.95
17576,6.68
9481,6.83
17779,8.055
21755,6.02
5917,6.42
16334,7.105
16845,6.01
28164,5.9
605,7.025
26830,6.285
9278,8.245
19426,4.69
26031,5.45
20732,6.91
21503,6.075
27255,5.885
15711,4.84
22494,6.225
16707,7.25
12632,5.825
19156,6.19
28476,5.74
11556,6.0
27188,5.67
13279,6.65
5806,5.255
24276,6.155
10613,7.13
25102,6.33
26953,5.7
26919,5.765
27058,5.58
20965,7.195
27355,6.225
25136,5.63
17610,4.81
12490,7.46
23527,6.1
6458,7.625
1242,6.22
7779,6.63
3878,6.08
556,7.465
16656,6.54
16817,6.89
29186,5.835
16901,6.56
10207,6.335
24724,6.825
4418,6.305
12637,6.95
27606,5.85
24764,5.585
20815,6.915
20099,6.48
6783,6.175
23903,7.19
4311,6.675
1345,7.905
25401,5.805
1087,7.27
5191,7.485
27185,5.795
18361,6.79
23026,6.01
6878,7.41
7829,6.755
22127,6.62
26487,6.5
3666,6.625
9284,5.735
12351,6.69
26142,5.98
23269,7.22
24630,5.525
16936,6.78
28246,5.96
10654,6.35
27292,6.34
18228,5.88
17832,7.965
9485,7.06
17009,6.87
6791,8.595
4494,7.44
20388,7.285
22876,5.71
11920,7.935
1886,8.06
28014,5.95
27531,5.63
4718,7.05
15182,6.74
10714,7.17
1322,3.265
13295,7.01
15603,6.965
1357,6.455
3067,6.92
14247,6.1
4416,5.26
3844,6.615
28326,6.215
18587,2.485
3523,7.16
15205,6.05
2640,5.425
17497,5.68
23257,7.22
12201,7.395
4147,5.35
9535,7.505
22433,6.73
15947,6.515
25060,7.65
28997,5.815
28076,6.03
25015,6.635
28428,5.255
22457,6.425
13973,6.295
27798,5.75
12793,4.965
19313,6.445
28461,5.905
26603,6.06
13328,6.575
27244,6.17
742,6.67
10214,5.82
8102,7.485
24489,6.2
14066,6.28
21418,5.56
7129,6.31
27065,5.85
28367,5.69
23695,6.24
25585,5.635
17507,7.6
27930,5.535
17517,5.995
1896,7.265
28271,6.645
4190,8.21
18669,6.52
28050,5.62
21214,7.83
20559,6.35
16296,7.645
27816,5.6
7000,7.715
10626,7.02
7953,6.705
23324,7.165
22346,6.73
18018,7.365
3777,7.575
6337,6.705
4998,7.245
16448,7.28
12515,5.145
26172,5.965
21451,7.97
24397,6.1
19396,3.37
11698,7.22
8551,7.325
27749,6.435
1762,6.52
24658,6.315
13130,6.715
28339,6.215
17688,7.375
12368,6.305
8553,6.79
28781,5.04
4415,7.36
25917,5.97
12688,6.035
11415,6.345
17377,6.44
25023,6.025
22806,6.155
28800,5.855
17578,6.265
11481,6.59
26447,6.195
9634,6.475
26306,6.64
18721,6.845
7699,7.57
6414,8.275
22275,6.67
26591,5.735
15901,6.955
27304,5.66
23173,6.305
801,6.3
24797,5.815
7778,7.205
12843,7.845
4221,6.97
11555,5.77
1957,5.88
3799,8.8
9647,7.165
109,7.105
18745,6.83
3266,7.755
28971,5.535
9394,7.145
19293,6.745
17071,5.33
25884,6.65
10109,7.14
10090,7.21
28188,5.825
16144,6.76
27737,5.715
15989,5.65
1425,6.735
23052,6.365
19494,5.305
7757,8.395
18368,7.25
25843,6.235
9164,6.865
16794,6.07
21116,6.31
7522,6.84
23778,6.36
1152,6.32
24230,7.095
28378,5.7
26211,5.46
9258,6.36
15359,7.48
26386,6.27
27753,6.12
105,7.395
19547,6.67
29019,5.905
23389,7.485
25896,6.24
4159,6.355
17440,6.165
20518,7.215
4588,7.05
20544,6.815
13413,8.195
7738,6.91
6133,7.215
17806,6.375
8726,7.645
18547,7.62
28235,5.84
3754,6.09
7481,7.425
12731,6.51
12192,7.02
1426,6.715
23663,6.735
3644,6.555
2231,7.19
5900,7.33
8895,6.6
25541,5.86
4152,7.015
15213,5.485
406,7.585
17313,7.38
5210,7.89
7261,5.6
8287,7.945
213,7.005
2306,6.665
690,6.93
8964,7.41
26757,6.375
27754,5.8
21582,7.015
27509,5.71
23205,5.995
27979,5.76
13288,7.885
27559,6.22
7388,6.635
10245,7.405
10989,6.205
7999,6.215
28662,6.005
21060,7.36
26651,6.615
25470,5.98
3910,7.255
5429,6.355
10639,6.295
26838,5.96
28934,5.67
14971,6.79
1038,7.275
25989,7.33
19322,7.795
18740,5.59
28338,6.4
27148,5.925
24859,6.155
10674,7.715
5212,5.845
5689,6.835
5353,7.46
13792,7.88
7288,6.42
20017,5.115
17161,7.565
17006,5.595
25580,6.765
8889,5.88
8068,6.69
14760,4.94
1961,6.815
6418,6.28
26501,6.14
26036,5.865
18068,7.175
15376,6.1
17359,6.165
28659,5.855
22662,5.72
12044,7.36
19704,6.45
28987,6.135
8852,7.52
2280,4.42
5944,6.22
91,6.46
11927,7.885
8808,6.745
12314,7.965
26554,6.11
23477,7.415
18868,6.355
16815,4.685
6383,7.48
17229,7.4
10743,6.545
25737,5.86
27153,6.265
20401,5.315
11776,5.745
28110,5.6
20216,6.3
14283,6.925
996,6.985
17646,7.08
12755,7.02
21473,6.18
2009,7.17
9192,7.185
13456,6.785
25829,5.53
15942,7.96
13122,7.205
3594,7.135
25072,5.665
17471,7.135
12077,7.09
1229,5.58
28849,5.89
15278,6.33
27385,5.58
9526,7.52
19366,6.565
15463,5.59
9086,6.41
16076,5.295
10399,7.11
19254,5.57
22547,5.76
10022,7.305
23729,6.355
13148,7.065
3767,6.225
25854,6.455
28944,5.65
17712,7.825
10754,7.625
5135,6.71
3868,8.29
15587,5.905
27100,6.095
28779,6.24
9560,5.995
2547,6.665
8634,4.815
27323,6.41
14745,5.06
26602,6.14
7404,7.52
27362,5.81
2051,7.965
23590,6.595
17986,5.845
21461,7.05
22994,5.74
27696,6.325
5341,5.18
11848,7.505
27437,5.815
13453,6.885
22470,6.53
10304,6.125
5807,8.53
10836,7.625
26862,5.805
22775,4.84
5170,7.505
24297,5.955
25916,6.07
22192,6.845
26301,6.4
26716,5.57
17767,6.675
21279,6.09
2357,6.85
3277,6.48
15111,6.495
16631,6.99
17656,6.0
20441,6.85
11942,6.74
26764,5.78
8501,7.57
9899,7.46
23342,6.3
2811,6.555
16338,6.0
22980,6.985
11118,5.6
1743,6.22
23255,6.05
17947,7.365
25371,5.815
4038,7.06
10204,6.42
14839,7.795
5479,6.99
1434,7.245
20452,7.63
24458,7.125
2461,7.125
21095,6.48
23158,7.52
12022,6.005
373,7.36
16758,6.435
18737,5.915
23270,6.565
436,7.06
12025,6.88
3325,6.64
28371,5.59
3195,7.505
27011,6.275
28676,5.94
5557,7.18
25240,6.845
23746,5.915
20067,6.305
23386,6.135
15252,5.99
894,7.765
28169,5.845
5065,6.475
3740,6.755
24405,6.745
10649,5.655
4744,7.0
9499,7.34
10881,7.025
14232,6.335
4775,7.62
26744,5.97
11664,7.17
1764,7.89
24914,6.53
26977,5.95
27214,5.89
7103,4.835
26264,6.295
6709,6.25
26478,5.55
19831,7.42
8821,5.995
25983,6.245
18976,6.36
21654,7.005
12315,8.14
26698,6.225
27022,5.485
11362,7.715
19959,6.67
2971,7.925
20340,6.455
26792,5.795
5928,7.865
13676,7.695
3479,7.42
26536,5.855
5302,5.33
4330,7.72
1424,6.665
28492,6.015
17246,6.88
22879,7.26
13188,6.745
7291,7.33
8371,7.045
7181,7.715
14062,7.375
8077,6.54
16283,6.655
27365,5.77
1998,4.8
7891,7.85
13797,7.49
22340,7.335
10205,6.305
26251,5.645
22345,5.81
10487,7.985
16979,7.605
15194,6.89
19205,5.785
17047,6.82
17191,7.385
13300,7.39
27636,5.655
11526,4.43
19136,7.365
6419,6.615
7328,6.44
2162,7.575
27948,5.86
7097,7.04
25891,6.2
19110,5.915
27831,5.635
17035,5.865
23017,6.455
5614,6.845
14286,6.435
25397,6.54
17594,6.695
7414,7.37
4853,6.91
10987,7.49
28310,6.065
12966,6.345
7225,4.405
7471,8.38
19541,6.9
17575,6.51
27920,6.18
6564,7.53
3081,6.945
25560,6.975
25794,7.355
11727,6.915
4148,5.82
10669,6.635
10641,6.77
10451,7.005
24259,6.235
19304,6.475
12455,7.515
12140,6.76
28168,6.08
9049,7.375
13784,6.285
27573,6.855
10611,6.3
29124,5.59
2807,7.505
12667,7.415
18989,6.565
22800,7.225
22342,6.78
10222,6.185
21542,7.68
13067,7.835
1505,6.89
6509,7.79
27156,5.91
18435,5.395
4395,7.865
7191,7.635
21439,7.61
23203,6.46
21742,6.645
23802,6.505
24946,7.375
15263,6.775
22008,5.575
8096,6.895
28432,5.305
10878,8.32
17908,7.295
15786,6.92
21970,6.32
17647,7.33
1440,7.475
24414,6.525
4507,6.91
11648,6.495
974,6.245
16923,6.875
9142,7.315
14474,7.725
12678,6.195
2363,6.8
27302,6.27
19280,6.175
10531,7.105
2843,6.4
25494,5.7
12167,7.165
27388,6.09
20135,6.4
15970,6.51
3374,6.96
22124,5.8
28847,5.85
14659,7.49
23390,6.33
24190,6.515
4153,6.085
22000,5.75
20045,6.69
576,7.505
16282,7.04
1371,6.765
1605,7.73
15477,8.26
18953,7.955
19874,7.315
15775,6.445
25487,6.175
17232,6.885
15226,7.99
26545,6.025
5934,6.845
15679,6.49
19061,6.68
24637,5.605
3992,6.93
26596,5.855
1592,7.285
21695,6.545
23758,7.395
13618,6.4
4274,6.98
22664,6.26
19473,6.485
9965,4.375
25895,5.885
17287,7.74
9252,6.475
25511,5.95
11774,7.58
10698,7.39
7629,6.435
10392,6.67
4127,7.135
7536,7.73
9134,7.25
11424,7.675
25027,6.28
26886,5.655
25834,6.315
20289,6.28
19092,7.25
17641,5.95
4077,6.725
24926,6.355
18937,6.345
9314,7.23
28959,6.0
27055,5.84
16719,6.72
16829,7.83
4015,7.28
9976,4.975
3554,7.545
268,6.535
26869,5.79
20444,4.425
1062,6.525
23046,6.16
18548,7.45
29095,5.75
16530,6.825
26747,6.02
21250,8.105
1318,6.12
27664,5.435
7262,6.185
14157,7.08
22348,6.46
4616,7.77
14921,5.125
23047,6.22
14163,7.03
26246,5.88
4928,6.705
21322,7.14
14709,8.25
20830,5.63
20540,6.355
4821,6.47
7281,7.275
20298,7.825
22170,7.77
19931,6.265
11919,6.195
24872,5.85
26670,6.345
18193,7.19
5937,5.6
5293,6.47
6641,7.42
28313,6.525
27418,6.74
1955,6.375
1506,6.97
17216,7.735
23297,5.82
2104,6.78
2257,6.13
28087,6.13
6346,6.865
23028,7.225
23920,6.72
24839,5.895
9403,7.37
25710,5.93
8526,6.775
7109,7.105
1805,5.55
375,7.485
25690,6.58
6351,7.735
22030,6.41
24819,5.635
9487,6.85
3823,7.975
3577,6.235
18511,7.505
19132,6.975
27847,5.71
4658,7.66
3272,6.745
20152,7.09
4326,6.76
28875,5.765
10899,7.15
26742,5.975
27154,5.865
10300,5.95
29207,5.67
5967,4.03
13769,5.07
10777,7.015
11831,7.03
4053,7.52
4495,6.885
19228,5.945
24164,6.62
10981,7.645
15110,6.28
22446,7.62
7117,7.04
8348,7.165
5713,7.965
28976,5.92
14290,7.09
18865,6.345
12030,6.76
28472,5.595
13468,4.195
26967,5.675
7546,6.37
17308,7.74
15038,8.115
7094,6.225
18533,5.215
24706,5.905
22718,6.495
17221,6.37
2727,7.94
206,6.09
8575,8.205
18090,6.505
26693,5.885
13340,6.995
8915,7.065
21969,6.285
4285,6.87
5513,6.47
17472,6.4
17631,7.22
6251,6.09
11794,7.185
15525,8.06
1706,8.28
29122,5.59
3144,6.09
29047,6.035
18672,8.125
24442,7.42
27758,5.865
16104,7.07
25902,6.22
20940,7.07
18864,7.215
27343,5.755
3913,7.44
15259,6.47
10826,7.21
962,6.485
8512,7.445
21412,5.895
7106,4.37
21870,6.495
23117,5.73
11699,6.73
22213,7.12
23514,6.305
12202,5.755
16176,7.74
6478,8.125
23901,7.38
8367,6.73
25508,6.54
16327,7.225
20717,7.715
24676,6.145
10190,6.35
13069,7.295
10160,6.865
8652,7.035
12537,4.69
21726,5.92
9048,6.965
1209,6.65
25229,6.19
4776,7.69
8987,7.28
13381,6.375
13957,7.175
1117,7.505
13486,6.66
23655,5.955
29185,5.745
28952,5.49
25698,5.84
5913,5.325
27968,5.725
7736,6.47
26689,6.1
20077,6.855
574,7.355
19739,6.085
54,7.53
5055,5.73
17192,6.17
20852,7.695
28540,5.795
5788,6.635
2451,6.11
6118,7.965
9269,7.035
22730,6.875
22369,7.265
24860,6.895
1423,6.71
35,7.95
17068,6.7
7685,7.16
21782,6.17
13192,6.76
6199,7.405
16366,3.9
26902,5.74
7686,6.6
17027,6.87
14319,6.67
25824,6.075
27845,5.96
802,7.12
2708,7.815
6761,3.96
9423,7.02
23044,5.965
26895,5.5
9982,7.195
29203,6.19
9227,6.795
28027,5.815
27733,5.875
28481,5.77
12425,7.33
27084,5.995
14697,6.505
28688,5.575
25818,6.635
21761,6.06
12565,6.635
8208,7.2
23842,7.495
10031,5.625
14799,6.0
17521,6.735
26730,5.815
1862,6.285
8873,6.55
12972,7.065
122,5.88
9402,7.235
8696,7.245
23310,6.305
20859,7.83
6085,6.4
344,7.21
14884,6.745
3952,7.84
6344,5.985
5094,6.765
27826,5.875
1735,7.885
8355,7.765
1841,7.07
5871,6.7
19307,6.17
23726,6.29
22895,6.915
3979,6.8
22925,4.73
7803,6.03
11792,7.395
25134,6.22
27748,5.5
24561,6.45
23718,6.82
20225,7.57
23224,6.625
14907,7.155
17491,7.51
21809,6.985
27658,5.6
10082,5.63
19458,7.26
19768,7.95
28741,5.825
20571,6.395
4468,6.655
23296,6.52
3342,6.52
2374,6.125
14693,6.8
17500,6.075
24508,6.495
25333,5.855
11863,5.93
18838,7.58
27954,5.935
22287,6.135
7397,6.595
10431,6.855
21860,8.27
20707,6.22
8156,5.97
16406,7.545
14007,6.24
12638,7.245
13,7.14
28146,7.115
18474,7.52
19980,6.05
10528,6.815
326,6.25
11871,6.935
2167,7.455
7652,6.44
28473,5.4
23076,6.68
16892,8.475
4899,7.71
19305,6.655
19364,5.98
16389,4.865
687,6.705
20361,5.99
28970,5.535
4231,6.55
22695,6.585
12032,7.315
26027,6.3
23064,6.15
14253,6.19
21625,6.635
11201,7.3
23893,6.87
25747,6.35
23632,6.595
24522,5.96
7869,7.425
300,7.67
4571,7.48
26572,5.705
23937,5.925
13001,6.785
10541,6.86
13137,7.385
8137,7.2
5130,4.66
74,6.315
15589,6.96
9000,5.86
12894,7.43
24970,6.085
3478,7.8
22821,6.3
24964,6.355
210,5.13
28406,5.75
26404,5.66
11229,6.83
4352,6.815
691,7.28
15462,5.53
12482,7.685
4640,7.325
23849,6.0
2970,7.485
25022,6.105
14836,7.675
7042,7.065
20589,6.985
17542,7.01
3376,6.14
18138,5.56
1579,7.635
15776,6.295
6947,6.315
12746,7.615
23102,6.615
19256,6.48
19448,5.98
26012,5.97
11997,8.16
13478,6.695
5957,6.48
16295,7.5
7218,6.285
14573,6.595
18304,7.41
12765,6.735
20651,6.025
23910,4.955
14923,6.595
17421,6.965
8421,4.67
26992,5.77
26284,6.435
5015,6.31
24644,6.835
22509,5.935
22676,5.915
22043,6.795
5787,7.075
13829,6.6
11445,7.42
12873,7.095
19470,5.545
27932,5.96
20151,7.685
2519,7.125
26070,6.945
26790,5.83
9912,6.42
25295,6.445
29213,5.61
24236,5.39
26113,6.125
13479,6.52
10861,7.355
8730,5.655
15505,7.515
14425,7.245
14364,6.295
11952,6.59
6040,4.47
20715,5.74
3321,5.78
23427,6.61
22667,5.535
608,6.475
8482,6.295
12356,4.71
8209,6.66
11800,6.41
6971,7.05
26065,6.295
27575,6.595
15615,6.345
9855,7.485
26840,5.665
23094,6.575
14244,6.665
1201,6.235
18081,6.775
1140,7.25
20620,6.235
1562,5.79
25482,6.14
14553,7.295
7015,6.575
21762,6.895
17969,6.825
13165,6.06
11529,5.165
12794,7.13
6886,7.115
27082,5.845
24340,5.995
27414,5.965
24555,6.04
17101,6.505
20897,6.42
15983,6.33
15105,6.575
11205,6.1
18383,6.51
12399,6.675
14611,7.9
28183,5.63
7985,6.405
10219,6.84
16838,7.29
19379,6.67
2505,7.075
12080,5.46
25832,6.27
12770,5.84
12324,7.04
20887,7.75
13782,8.145
23338,6.665
27023,5.34
7847,7.425
23839,6.815
14961,7.75
26385,6.28
26135,6.05
7844,6.875
25000,6.165
10184,6.82
1914,6.61
20095,6.9
24863,6.79
7280,8.02
15821,5.44
3794,6.985
17301,6.615
18760,7.22
9937,7.6
9063,7.89
10069,7.61
11676,7.21
655,7.845
3832,6.565
19823,6.53
21994,7.09
12141,7.615
5736,7.775
9408,7.285
5203,6.845
24221,6.635
2312,7.77
28692,5.535
17896,7.08
3613,6.385
15952,7.51
18702,6.525
12234,7.2
14588,7.24
14487,5.275
4138,8.035
23614,6.695
14927,6.41
77,7.03
27598,5.98
1580,6.7
28165,5.8
18916,5.015
17057,8.225
11536,4.99
99,7.405
10494,7.77
7831,6.025
3842,7.265
17437,7.125
617,5.28
14661,7.115
22412,6.94
10867,7.64
18240,6.06
10501,5.45
2881,7.19
4886,6.08
28112,5.985
7609,6.89
4611,6.475
11126,6.705
22788,5.69
11098,6.95
9495,7.325
17791,7.445
24425,5.92
8326,6.465
16876,5.49
14924,6.565
7396,3.495
26665,6.025
27282,5.755
21863,7.24
5669,7.305
7788,6.32
3302,7.99
15155,7.105
4072,6.925
274,6.39
24197,6.095
18272,7.55
13166,8.195
24755,5.95
13106,7.805
14570,7.33
20068,6.09
22145,6.31
4628,7.105
1508,6.91
8608,7.73
5964,7.16
6443,7.73
25247,6.35
1686,7.35
20909,7.19
6232,6.175
8675,7.535
1638,4.235
16313,7.06
24723,6.015
2260,6.37
9979,6.03
23599,6.11
7433,7.12
24202,6.66
4889,6.875
9053,5.38
14097,6.41
12432,7.0
15515,7.365
19584,5.81
2484,6.645
10726,6.5
22624,6.445
25248,5.91
17361,6.4
18378,6.18
11083,6.37
25112,6.16
23753,6.555
16293,7.265
22559,6.91
2288,6.58
16818,7.945
9331,7.115
3070,7.925
19856,6.93
16377,6.23
13435,6.25
1008,7.455
24824,5.58
4964,7.64
21811,7.0
26119,5.935
4282,7.465
13649,7.855
409,5.745
5366,7.02
182,7.585
12073,7.385
13675,6.77
28768,6.045
19977,4.98
15329,7.13
5121,6.98
28637,5.945
19209,6.875
273,6.57
8448,7.12
8880,7.385
21584,6.1
11175,6.855
7137,7.8
12007,7.595
25106,6.225
19347,7.345
26776,5.665
22587,6.77
4996,6.0
9212,7.495
29184,5.325
23915,7.89
4471,5.99
18995,7.18
26631,6.12
2271,5.76
27807,5.855
6134,5.995
21129,6.59
8499,7.025
14529,5.34
29168,5.61
3614,6.075
28631,6.035
6114,6.97
24075,7.215
8905,5.735
22035,6.495
14343,6.07
23398,7.045
27700,5.98
2423,7.67
21769,6.255
8999,7.1
19348,6.8
5953,5.05
2359,7.725
7666,6.86
27986,6.43
15613,6.865
9971,6.48
14231,7.715
1847,6.625
2861,6.93
22958,6.535
17351,6.0
4239,7.8
6405,7.31
12666,6.895
13299,6.975
2904,6.945
3672,6.445
28951,5.505
10174,6.71
22136,6.725
11121,6.855
6248,6.84
15940,6.515
28619,6.135
2106,6.63
22868,6.28
25853,6.135
13574,6.765
9068,6.495
24531,6.64
13846,4.0
5525,7.62
9800,7.625
7264,6.605
4519,6.24
12660,6.845
5447,6.81
19858,7.41
25577,7.1
21342,6.35
9540,7.735
15680,6.405
13735,7.435
8399,6.62
17022,7.46
10607,6.32
20351,5.51
28312,5.65
19518,7.465
25610,5.97
24203,6.07
27570,5.705
272,6.415
26161,5.95
18693,7.145
19076,6.875
8001,6.985
23787,6.565
12675,5.945
2532,6.225
28870,6.155
21329,6.69
29208,5.635
13656,6.865
3688,7.365
23194,6.925
10923,6.365
7483,7.015
3066,6.545
28984,5.845
28184,5.51
20499,6.54
5592,5.235
21577,6.115
23627,6.265
9478,5.08
16617,6.23
27512,5.95
28435,5.54
18397,5.93
25548,6.075
24981,5.995
6119,4.88
26836,5.525
10566,7.29
16388,4.325
17408,6.765
8786,6.705
4371,7.31
14965,6.595
26035,5.62
7438,6.89
4752,7.375
21543,6.43
25993,6.345
15546,6.785
19147,6.76
5742,6.19
29176,5.705
27780,5.685
14582,4.425
19033,7.555
22700,5.805
19573,6.69
12268,6.27
19020,7.695
12256,6.305
2300,6.95
226,7.98
12189,7.3
25718,5.915
15080,6.375
21334,7.32
13771,5.46
21572,5.845
11932,6.315
21911,6.35
18701,6.335
8199,7.24
21913,7.415
4129,6.89
25416,5.815
12200,6.74
899,7.015
10004,6.785
23258,6.58
3678,7.045
10585,7.885
9733,7.945
3493,7.73
10595,5.51
8866,6.655
15340,4.395
28041,5.825
6781,6.94
25869,6.345
4107,7.68
5365,7.27
20848,7.21
8135,6.06
26097,5.34
28054,5.885
24928,6.035
20222,6.805
21467,7.83
17204,6.71
12881,7.215
230,6.385
22947,7.395
28981,5.88
17342,5.915
1995,6.99
11428,6.705
14412,6.665
25334,5.935
26074,7.19
4197,6.77
1188,4.275
3956,6.705
15104,8.42
53,7.75
7123,6.545
7256,5.54
23671,6.14
23788,6.42
21249,8.05
7421,6.08
27838,5.855
2416,7.2
2845,7.01
6209,6.14
23,7.205
2860,7.835
22647,6.735
25076,6.12
13360,6.75
25901,6.16
10475,6.955
5235,5.41
19948,6.96
7620,5.445
14605,6.035
19548,8.105
28323,6.765
19686,6.9
1775,6.78
27216,5.845
11302,5.01
19262,5.525
29170,5.75
25253,6.135
19009,6.435
8417,4.455
22214,5.835
26158,5.795
12139,6.135
17503,6.28
13324,6.535
21182,5.895
7166,6.945
12378,6.85
2542,5.215
26985,5.545
17957,7.865
4742,6.79
8919,6.19
11072,7.55
7703,7.0
25392,6.315
15586,6.225
2435,8.245
15750,5.77
13754,6.695
23065,6.4
4787,6.52
24302,5.595
18300,6.46
24204,6.055
8475,7.125
16151,6.195
28344,6.86
29029,5.87
27574,6.695
27142,6.4
15366,7.345
2878,7.195
21196,6.4
8426,7.315
5767,5.495
11504,7.635
22380,7.04
9299,6.755
24595,6.43
23035,6.6
26360,5.925
22502,6.585
10239,7.06
28363,5.93
5352,6.59
20990,6.93
8924,6.075
1623,6.765
10049,5.45
27795,5.46
24437,5.59
2597,6.375
18498,7.045
26047,7.01
22003,6.505
4339,6.585
7922,7.42
27746,5.39
12917,5.55
28833,6.01
8594,6.13
21785,6.16
28485,5.805
25666,5.61
9822,6.96
7892,6.125
2380,7.645
29058,5.805
21980,6.125
22076,5.905
24803,6.195
14165,7.015
7119,5.715
142,6.11
14973,7.175
17742,6.75
24974,6.755
1205,6.08
9361,6.295
2317,7.98
3807,6.71
25037,5.765
16072,6.635
10172,7.85
27204,5.56
19641,7.09
3654,6.315
24984,6.905
28595,5.905
19888,6.195
6571,7.945
20094,7.275
5704,6.945
3457,7.72
5661,7.005
14142,7.235
22117,6.795
18773,4.125
25272,7.065
14571,6.58
28479,5.5
20739,7.72
18411,5.395
27177,5.685
9459,6.465
4305,8.175
16493,7.095
5328,6.765
15832,6.84
16561,7.495
14711,6.625
26080,6.81
8229,7.265
28157,5.855
13599,7.665
9611,6.755
28844,6.065
13136,7.9
11483,6.205
27357,6.165
21066,7.625
15343,6.205
28629,5.845
14812,5.975
3808,6.235
10293,5.715
2216,6.525
13751,6.065
12787,6.735
28646,5.315
3566,5.345
25603,6.825
8009,7.45
2848,7.26
26675,6.535
23623,6.91
11805,6.495
15130,6.505
13302,6.255
5567,7.65
17590,6.495
14383,6.475
16954,6.405
22931,6.675
11054,7.55
29013,5.59
12737,6.505
9505,7.645
8676,8.155
25695,6.48
4782,7.285
4806,7.185
10866,5.615
26787,6.1
28227,5.635
26078,5.72
652,8.13
23864,6.47
23355,7.205
26206,6.295
20730,4.575
13858,7.04
24696,6.185
21844,5.8
22257,6.2
17793,5.85
15171,7.12
22203,6.825
25908,6.62
23109,5.48
12047,5.795
27871,6.18
22998,6.125
23576,6.175
12774,5.79
26461,5.65
11391,6.785
7538,4.47
19119,6.545
15377,6.315
14382,6.575
7901,6.54
14087,5.585
437,7.785
13857,6.575
112,7.63
19265,7.9
24409,6.355
16006,6.13
12076,7.285
27653,5.805
21939,7.285
20514,6.695
17420,6.37
7009,6.97
10151,5.635
2821,7.08
15597,5.97
1795,7.14
8019,6.41
16651,7.54
24460,6.045
9566,6.105
11071,6.89
566,7.65
465,6.165
3572,6.94
27998,6.105
11891,7.535
23447,6.455
14224,6.515
11936,7.455
12600,6.91
22753,6.89
4625,6.715
5666,7.425
5138,7.89
6819,8.895
19188,7.695
28081,5.5
23869,6.175
15811,6.86
10725,7.16
11760,6.1
25177,6.775
14114,6.17
3739,7.03
20787,6.55
178,7.425
27118,5.75
6120,5.08
17928,6.96
16948,6.39
25038,5.61
9322,6.605
19015,7.32
15016,6.65
2866,6.725
11544,7.67
16462,7.69
19405,6.745
6498,6.26
11736,5.645
27207,6.13
18794,5.425
13756,6.9
22781,6.545
286,6.405
9324,8.105
27056,5.505
23799,6.195
19730,7.255
8639,7.67
10760,7.26
2077,7.505
26798,5.75
18612,6.695
9703,6.6
23721,6.02
7016,5.17
20741,6.755
23298,7.925
2113,6.23
12161,5.59
24731,5.945
13263,7.265
16632,7.385
16531,4.365
7637,6.705
12569,7.01
5283,6.33
21596,6.46
16630,6.865
26443,5.515
20417,7.465
5822,6.02
22449,6.72
5216,6.755
21224,7.105
27874,6.935
20303,6.81
27116,6.29
3881,6.365
14500,6.86
28539,5.685
5120,7.66
1334,6.07
16154,6.645
9662,7.155
9089,7.915
16040,6.61
12204,6.38
22943,6.325
3012,7.225
24971,5.945
24710,6.14
7772,5.675
23167,6.895
1255,7.02
25880,6.025
3765,7.62
20497,7.59
22452,7.37
17819,6.535
19421,8.59
22975,5.655
22803,6.815
21118,7.075
25349,6.365
11561,8.34
2527,7.655
24417,7.37
25974,6.57
19911,5.89
12702,7.62
18863,5.72
2608,6.185
1959,6.29
23510,6.315
28495,5.225
23030,7.77
5650,7.075
7189,7.82
26531,6.4
2960,6.21
21682,6.03
26152,5.74
7470,7.84
6210,7.555
3193,7.515
28790,6.52
8257,7.13
29043,6.11
6787,6.41
10565,6.98
207,6.99
26450,5.91
7774,6.74
8697,7.12
19117,7.365
17670,5.78
10630,6.185
4070,6.89
10838,5.83
15218,6.43
19041,6.675
21576,7.22
20907,6.57
7873,6.385
22567,6.67
28778,6.59
16873,7.17
23595,6.695
8273,7.425
13064,7.735
3668,6.425
15937,5.85
15584,7.7
25073,5.62
22838,7.005
24957,5.565
27171,6.025
28048,5.895
19849,7.305
8079,7.245
23861,6.59
761,7.075
28262,5.34
15251,6.43
14955,6.15
17277,6.335
1620,7.265
17457,7.125
8912,7.35
7946,8.025
14501,6.83
4007,5.4
16403,4.63
13628,6.845
26003,5.6
5840,6.915
6663,8.18
8940,7.275
22023,6.83
2401,8.39
11852,6.59
16549,5.12
23156,6.155
5504,7.525
22883,6.635
1960,7.04
8913,7.4
21947,6.685
1317,6.695
26966,5.9
2337,6.985
20157,6.325
764,6.9
11726,7.21
16546,7.25
9426,5.78
7297,7.065
12061,7.39
18718,6.76
27747,5.695
16329,5.64
2610,6.815
11644,7.245
7074,8.22
16846,7.335
24862,6.025
3224,5.875
12339,7.7
5204,7.105
11593,5.925
353,6.29
19707,5.465
15796,6.695
19844,6.875
10457,6.855
21822,6.055
5347,6.535
7995,7.745
3702,7.47
27474,6.925
20636,7.17
10514,7.345
22038,6.135
18137,6.68
23080,6.945
20666,6.15
5581,7.27
21497,6.385
17932,6.615
20837,6.255
4039,7.875
11860,6.84
21212,5.855
19598,8.145
26464,6.285
7773,7.13
21602,6.98
12899,7.28
15553,6.98
26102,5.88
13613,5.62
27159,5.72
4375,6.545
2744,5.77
23899,4.925
9932,6.82
22997,7.31
26509,6.23
18959,6.065
14914,6.625
11507,6.655
28657,6.6
10818,7.685
8626,6.545
15031,5.185
19550,7.1
23004,5.775
21213,5.655
24114,5.71
19758,6.355
24697,5.825
10424,7.145
2224,8.105
588,7.1
7864,7.54
22032,6.38
1581,5.93
21803,5.925
1945,7.64
23016,7.765
28324,6.365
25473,6.51
28716,5.16
29079,5.76
18462,6.545
9298,6.22
26058,6.12
12562,6.135
21138,6.47
7904,7.565
25127,6.23
2929,7.29
4421,6.43
5282,6.85
19440,7.355
3084,7.325
24925,5.75
8961,6.79
8698,6.335
1850,6.79
6694,6.005
11449,7.115
7799,6.705
6721,7.18
2705,7.08
5643,7.555
4033,5.235
8892,6.795
1540,7.53
10806,6.515
12509,7.385
8420,4.575
18689,6.585
27705,5.905
16733,6.07
17326,6.49
20338,6.945
19123,8.235
16982,5.09
3524,7.27
984,7.635
19910,6.77
9778,7.055
17974,7.52
25694,6.37
16174,5.975
9021,6.475
10358,6.9
14037,6.155
11114,6.045
24108,6.895
15806,5.815
19204,6.595
6832,6.08
12483,6.215
3173,6.94
1228,5.58
9349,5.865
5856,5.915
26907,5.695
4125,7.565
21083,7.645
24605,6.875
18179,6.81
25395,5.88
2662,8.06
25967,5.935
25963,6.52
23225,6.885
28281,6.515
17781,7.01
2879,6.93
14414,6.545
12691,7.155
24537,6.46
23192,7.08
17267,6.415
9827,7.365
17081,6.61
4145,8.01
15990,6.95
10143,5.42
14018,7.335
11527,4.425
3129,7.015
979,7.895
21407,6.21
5342,5.705
26927,6.165
19709,7.63
8531,6.875
14676,6.99
4529,6.725
27412,5.425
3405,6.41
27166,7.305
10935,6.68
27321,5.785
28804,5.405
9839,7.785
7434,7.695
6706,8.27
8289,7.1
27080,5.71
4512,5.395
27959,6.5
6341,7.96
24688,6.515
13887,6.915
27644,5.655
2965,7.515
27406,5.86
16662,6.405
12591,7.04
14867,6.04
12205,7.415
570,7.275
1641,6.1
17141,7.455
29158,5.61
5252,6.235
23060,5.86
7569,8.18
20858,6.67
9176,7.32
23166,5.805
6230,7.66
832,7.165
25067,6.32
14182,6.715
3896,6.45
10892,7.455
21501,7.05
21026,6.51
19281,5.975
1054,5.61
4211,7.965
3105,7.03
17037,7.69
9569,7.045
27621,5.675
15906,7.09
17459,5.925
18372,7.705
4710,6.545
6934,4.61
1172,6.97
21394,6.89
15588,6.705
18200,7.98
24813,6.71
16416,6.45
28159,6.05
6343,6.505
24575,6.47
3587,5.29
25185,5.95
14511,7.21
5923,6.545
23288,7.585
4587,6.775
27515,6.075
24938,6.04
13620,8.02
2,6.33
15396,6.365
5125,5.925
18310,7.3
21507,7.05
3007,7.275
841,6.725
23056,6.9
6734,7.085
14772,6.965
27670,5.32
599,7.725
18948,4.895
17982,6.97
28294,5.925
11751,6.68
4485,4.63
22500,7.31
21234,6.69
26107,5.86
9587,7.07
27822,5.905
3240,7.39
27352,6.455
9917,6.465
3452,8.585
10589,4.965
6798,7.365
25914,5.915
17985,6.805
12693,7.255
25909,6.29
3737,6.16
17895,5.98
19023,7.62
6544,6.555
14098,7.705
5243,7.225
19433,6.99
2444,5.98
12170,6.62
17482,6.12
12325,5.845
9511,7.155
27543,5.705
14213,7.035
9844,6.515
17224,4.45
20386,5.96
12723,4.81
11249,5.015
5574,6.77
26061,5.47
27882,5.795
2655,7.705
2701,7.085
10790,7.445
7043,7.15
885,4.965
11102,7.84
29009,5.855
14447,6.51
9853,5.49
425,5.59
609,6.98
25405,6.105
23379,4.695
14413,6.7
15265,6.075
28290,5.46
13451,5.415
7510,7.235
6905,7.41
5406,7.535
9863,6.385
3658,7.895
23171,6.22
27883,5.63
19546,6.895
23455,6.255
19235,7.72
24737,5.93
23361,6.78
27247,5.675
27514,5.83
4692,6.555
12993,7.185
25497,6.645
27699,5.875
9517,7.455
27173,5.415
1719,6.74
21136,6.79
10100,6.585
14776,6.735
23980,6.23
18150,6.015
1110,7.995
29024,5.575
22017,6.24
8619,5.115
9313,7.955
27368,5.85
26510,5.95
17379,5.34
6520,7.575
1996,6.47
5800,5.555
12488,6.4
380,6.975
587,6.81
20130,6.27
25644,5.755
20854,7.095
1544,6.01
2844,7.255
9256,6.94
14059,6.795
10646,7.605
20657,4.77
7206,7.36
17386,7.62
11286,7.495
5561,6.475
17562,5.6
14542,7.61
7813,5.77
26347,6.43
16165,6.72
8579,6.38
5082,4.355
10410,6.81
6407,7.605
21108,7.78
26354,5.88
3370,6.13
22538,6.065
21641,6.29
8087,5.465
1632,7.08
28789,5.895
21051,7.03
20928,6.19
16269,6.405
21354,5.755
6235,6.88
15342,7.01
28832,6.085
14073,7.705
28858,5.865
22845,6.255
2065,7.585
1539,7.485
6795,6.76
15831,6.23
25503,5.88
9189,5.38
1153,6.45
25605,5.63
15778,6.605
9161,7.3
21093,7.125
23553,6.29
4667,7.56
4961,6.4
3107,6.57
8638,4.44
1004,6.365
10829,6.97
4412,6.835
25907,5.93
13227,7.025
18146,6.625
13813,5.77
18807,6.685
11025,5.255
22451,7.125
19155,6.465
27373,5.38
18710,7.405
14954,7.34
25627,5.735
24805,5.885
22089,7.085
29049,5.635
2847,7.385
16877,7.565
22010,6.895
16861,6.505
591,6.965
16712,5.33
18149,5.93
9763,7.34
2172,6.785
709,7.365
25847,5.85
13548,8.275
15087,6.93
7800,7.1
21294,5.29
7547,6.58
6581,6.77
24638,6.33
9024,6.25
10887,7.145
17208,6.67
25400,6.89
25701,6.055
28369,5.94
2746,6.01
19144,7.32
960,7.755
4113,6.215
23245,6.43
23908,6.64
26823,6.21
17200,6.0
7010,6.37
1980,7.225
25801,5.335
12335,7.265
23816,5.255
26261,6.36
4174,8.19
15371,5.91
16452,7.035
29222,5.975
1548,7.13
18097,7.13
21085,7.01
4582,6.11
8468,7.595
26824,5.775
26562,5.665
20964,7.135
21689,6.815
26079,7.59
3940,6.84
23350,6.655
17848,7.97
27997,6.515
10078,7.89
28072,5.99
25733,6.76
26270,6.085
24918,6.755
28814,5.765
24129,6.585
27342,5.74
17961,6.25
23643,6.605
5246,7.04
14780,6.9
26893,5.765
13326,8.28
11307,7.015
12343,6.57
28666,5.17
16854,8.085
20817,7.23
4755,8.495
24811,5.845
21292,6.43
12261,6.355
21905,7.5
14089,6.905
3964,7.605
24615,5.84
14179,7.25
26427,5.665
18648,5.87
7903,7.59
799,6.53
18447,6.335
9151,7.075
5938,5.87
23589,8.085
9251,7.96
22558,7.315
1912,8.175
26493,6.255
951,6.475
15244,7.205
2766,6.53
18348,6.27
5637,7.515
26925,5.91
27945,5.665
9257,4.745
10554,7.225
17297,6.375
3355,6.325
17033,8.265
20329,4.96
7655,7.14
10461,7.445
14762,7.81
16061,6.405
13643,7.185
21020,5.765
23236,7.0
11073,6.565
5337,7.425
25205,6.32
9694,4.96
15413,7.075
4067,6.76
18535,6.565
26335,6.0
21729,6.04
8336,7.445
13993,6.5
3017,7.395
12661,7.675
22957,6.54
16470,6.42
12279,7.425
13471,6.395
644,7.94
4780,7.65
22990,4.81
15672,6.955
28287,5.75
23523,8.135
13280,7.3
28429,5.94
8033,6.61
20941,7.19
6150,7.27
1402,6.37
11306,6.96
15645,6.21
11770,6.055
2038,3.78
24566,6.085
3514,6.675
8314,7.63
22961,5.84
9119,7.295
11511,5.97
4260,6.09
3830,7.23
10253,6.745
28232,5.905
15614,8.06
21485,6.865
23038,6.74
17925,6.14
18156,7.305
12079,5.735
781,7.705
12686,7.115
5197,7.78
12177,7.305
26949,6.09
24677,5.72
28412,5.53
3925,7.54
21100,6.075
8255,7.545
9686,6.765
25193,5.83
26957,6.93
28499,5.695
14741,6.135
27290,5.705
21459,6.34
20055,6.525
12906,7.09
8772,6.645
23770,6.31
3928,6.375
2470,6.7
4817,7.235
27695,5.705
789,7.035
8469,7.085
24639,5.715
9714,6.74
19774,6.575
4230,6.85
6583,7.41
7002,6.585
22116,6.79
25590,6.645
13344,6.26
26976,5.745
16286,7.165
20927,6.955
27337,5.95
15243,7.235
8941,6.16
7787,7.505
28926,6.065
8727,6.81
28719,5.605
7941,6.045
5426,6.7
26318,5.685
13426,7.155
4453,7.485
9483,6.065
20549,7.32
11370,6.91
25443,7.455
26885,5.62
21727,6.375
14806,6.59
22018,6.265
16178,4.895
7554,7.17
23672,6.72
4798,6.075
160,7.465
20511,6.16
2049,7.075
23359,5.72
11683,6.865
16373,6.585
19115,6.805
6563,7.43
28576,5.72
6425,7.37
23968,6.485
15378,6.05
15381,7.5
24602,5.56
23343,7.19
5387,6.26
3748,5.52
22223,6.735
27715,5.585
13868,7.025
2426,6.55
19120,7.94
20407,6.49
13365,7.02
28541,5.57
11617,6.44
7866,6.075
16125,6.735
16182,5.295
8351,4.95
4021,7.285
19920,6.865
9156,6.66
13094,8.275
24061,6.915
23895,6.93
25009,6.15
7592,6.43
6488,8.065
6117,6.355
19998,7.375
1442,6.56
4642,6.65
27344,6.005
7198,4.71
20590,6.76
911,6.655
15403,6.63
10706,6.96
26715,5.79
25688,6.425
15966,6.755
24752,6.275
22586,6.55
23320,7.175
25010,6.145
16067,6.93
24342,6.62
13387,7.525
20488,7.46
18223,6.705
20210,6.605
27905,5.54
5127,6.87
11742,7.175
23168,6.87
3985,7.165
20223,7.965
15526,5.595
11601,7.575
22263,5.865
5132,6.38
16698,5.855
410,7.595
18275,6.63
6897,7.825
16570,7.565
7111,5.085
27447,5.425
23631,6.37
656,7.815
27736,5.895
17546,6.195
15268,7.63
5074,7.7
18425,8.025
23346,6.055
6834,7.095
15073,6.735
25840,5.845
25601,5.96
18281,6.535
21827,7.19
25350,6.415
25260,6.605
5749,7.685
5697,8.33
22837,6.315
17257,5.93
5033,5.47
15443,6.94
3305,7.04
16966,7.49
18716,6.76
24775,7.445
15664,7.085
14619,7.415
28829,5.615
24673,5.765
16471,6.815
1435,7.955
24702,6.085
6372,6.17
3750,7.31
23289,6.695
22930,7.36
11149,6.88
1267,6.77
10452,6.87
8581,6.325
28357,6.34
8591,7.265
21547,6.785
7199,5.71
14698,6.355
17933,7.07
10075,7.095
4037,6.775
14323,7.725
1436,8.06
11123,8.58
8410,6.42
14846,6.125
11656,7.385
3779,6.535
19662,5.8
10789,8.045
22668,6.56
24152,6.405
28198,6.01
14707,6.48
6695,7.655
23741,6.41
27061,5.97
16836,7.675
26540,5.81
26786,5.77
394,7.585
13131,6.82
5924,4.535
24869,5.89
12430,6.33
19397,6.895
29055,6.395
16216,6.545
18389,6.26
15483,7.48
22894,7.01
12419,7.05
13287,7.74
24664,5.725
26617,5.84
26887,5.85
20174,6.6
6703,7.095
9286,6.825
27486,5.915
16363,6.66
10911,6.9
6413,8.495
552,6.79
20720,5.815
15384,6.11
28449,5.91
9367,7.38
2086,6.62
153,6.845
21661,6.89
20753,7.185
17409,7.14
29018,5.795
7139,6.425
5165,7.5
27931,5.41
23669,7.57
2259,7.465
26915,5.745
14941,6.29
12326,5.965
26401,5.965
24823,5.57
21989,5.84
6927,7.195
10420,5.99
28348,5.66
12931,6.29
18255,3.715
28967,6.44
5071,6.785
7537,8.155
15813,6.41
1301,6.905
14550,6.4
561,7.84
14104,8.14
20088,5.305
25849,6.09
19745,7.585
12016,5.98
1389,7.435
20947,6.345
14206,7.27
19070,5.785
26884,5.92
21019,5.905
15930,6.635
25802,5.4
24977,6.65
3724,5.115
3875,7.115
12148,6.175
1042,6.855
6436,7.6
3470,7.435
27694,5.795
21283,6.945
23916,7.705
4682,6.26
3722,6.37
26077,5.825
14280,7.65
8451,6.545
11423,7.905
17991,8.005
23515,6.575
11014,6.62
19006,5.97
27837,5.61
7961,3.625
43,7.12
8684,5.21
12669,6.575
25761,7.13
5792,7.195
28613,5.63
26416,6.58
23673,6.975
5469,7.02
28949,5.675
13386,7.455
28607,5.865
13770,5.7
14688,7.17
23139,5.605
10972,5.7
18147,6.63
19717,7.225
27243,7.245
14541,6.395
16805,6.495
14369,5.98
27395,5.44
7519,7.625
11623,6.325
5870,6.57
15153,7.26
20792,7.925
7285,6.83
11234,8.405
2341,7.565
25696,6.445
15955,5.0
12436,6.225
11013,5.845
24939,5.795
11506,8.155
25542,6.885
24822,7.2
24169,5.68
1231,5.58
13791,7.4
28909,5.65
6271,7.155
23801,5.305
17621,6.205
6818,9.005
6559,7.57
20331,5.675
10638,7.365
2956,6.495
27625,5.915
15392,6.97
14273,5.81
15363,6.295
16505,6.78
26685,5.745
8210,6.9
7182,7.69
13159,6.105
24985,6.43
20070,6.695
21751,5.89
19084,6.31
24501,5.86
4699,7.445
17907,7.25
12235,7.675
24978,5.955
27390,6.28
784,6.64
19476,6.955
7627,7.745
11336,7.785
16199,8.09
10323,6.135
26459,6.08
4661,7.64
23905,6.43
26805,6.0
21633,6.46
6762,4.45
27019,5.665
16028,6.425
17423,6.73
20526,6.47
5698,7.34
2690,6.31
21770,6.375
26606,6.025
324,8.045
24814,6.015
9854,6.775
19393,6.525
25855,6.705
5879,7.175
10837,7.77
23092,6.635
1233,7.735
2853,6.315
22790,5.195
6332,7.7
27203,5.85
2941,6.07
461,5.89
14358,7.62
12181,6.03
25864,6.295
6552,6.835
19007,7.205
27326,6.625
7173,7.805
24747,7.15
8845,6.81
16398,7.485
16428,5.57
16559,6.445
11868,6.51
9307,7.675
25233,5.885
2479,7.865
27624,5.675
21917,6.735
8693,3.755
16957,4.745
2598,6.61
22303,5.31
27940,5.99
5973,7.5
14374,7.06
14694,7.145
14191,8.055
26791,5.65
22601,6.85
8445,6.0
10249,7.0
23513,6.675
2100,7.92
24785,5.655
4568,7.435
11418,6.61
24269,6.325
16781,7.135
19876,7.565
812,6.065
19973,6.555
29002,6.185
10530,8.02
6901,7.875
3046,7.47
27259,7.69
9807,7.525
12985,6.785
27885,6.185
28390,5.67
3385,6.485
18980,6.765
9400,4.79
18651,5.93
10510,7.24
20914,7.18
17321,7.605
2179,7.27
11684,6.56
1769,7.93
2272,5.665
17265,7.395
912,6.44
8065,6.645
15676,5.36
20688,5.975
24271,5.94
19321,6.14
20534,8.005
14061,6.815
9914,6.315
9323,8.405
20271,7.025
2962,6.925
9033,6.735
27138,5.65
1230,5.58
9293,7.515
12437,5.665
16558,6.58
14687,7.24
3510,4.28
23215,6.22
1276,6.84
6633,7.005
27298,5.615
28163,6.01
22514,4.81
2338,6.995
11466,7.255
2603,8.25
14074,6.615
2551,7.255
21372,7.015
13851,6.895
9814,3.46
10597,6.64
26822,5.615
6267,7.16
4309,6.525
18658,6.39
24698,5.81
11158,5.625
10259,6.68
5471,5.57
14125,4.28
17674,6.155
10107,6.125
11442,8.92
28085,5.935
23694,6.305
8272,7.115
19373,6.255
21210,7.32
24111,6.14
22760,6.61
15968,6.72
1136,7.185
9368,5.955
363,7.93
25771,5.855
1380,7.065
19726,6.885
892,6.55
21539,7.015
10142,7.6
21165,6.1
20744,6.32
23233,6.895
16648,7.79
15264,5.94
9242,6.025
4240,6.865
19556,5.545
8614,6.75
21990,6.625
25355,5.785
9772,7.295
19929,5.675
3615,7.945
15785,5.535
27536,5.67
24794,6.02
536,7.925
6049,7.875
15459,7.47
6558,8.0
23881,6.205
26633,5.795
21789,6.525
22179,6.105
6408,6.39
4086,6.14
861,6.56
16680,7.41
603,7.39
5141,7.38
8789,6.26
22407,6.83
11284,5.685
4111,6.675
27454,5.745
14522,6.665
18220,6.42
2517,6.885
9903,6.74
19182,7.8
1489,7.725
22824,5.85
7991,4.845
24913,6.655
13057,7.475
10062,7.2
12380,6.43
539,7.08
24568,6.165
9752,8.235
13879,6.755
19570,6.435
17766,6.615
6746,6.88
26448,6.17
15488,6.63
22979,7.28
14342,6.52
22589,5.315
21154,7.735
5250,6.76
18059,8.62
9476,7.185
18187,7.57
9661,6.485
25234,5.81
17237,7.26
21930,6.37
27117,5.715
24604,6.115
28918,5.58
28077,6.395
27851,5.705
24969,5.93
2466,6.69
8716,7.165
18003,6.38
5786,6.57
6014,6.625
27726,5.795
22733,5.39
1431,7.24
28734,5.975
1498,7.005
18269,6.85
14521,6.505
18244,7.135
4393,5.825
18551,6.85
15197,7.43
15834,6.92
21597,5.175
2220,7.025
27038,5.755
3701,7.425
18353,6.92
14009,6.955
8598,5.795
5677,7.035
8261,5.735
3031,6.535
4856,4.685
6080,6.125
29072,5.955
27128,7.575
19450,5.965
15032,6.465
15428,5.525
16227,6.54
24229,6.125
17883,7.19
3798,6.63
19083,6.805
12728,5.245
20191,7.225
10506,7.38
505,8.085
28860,5.74
8017,7.45
8238,7.575
6796,6.415
8280,7.585
12245,8.545
24,6.165
27803,5.77
5431,7.515
26307,6.94
1640,7.17
12367,6.85
2657,7.195
7553,6.675
28925,5.625
6239,8.48
22002,7.06
20141,6.095
5814,7.09
28306,5.7
9819,6.225
7093,6.715
14559,7.8
9893,7.865
28591,5.655
13311,7.255
25860,6.235
21097,7.755
9310,7.49
6557,6.975
8345,6.815
4065,6.06
9818,7.335
2917,7.215
18005,6.715
11311,6.95
2206,7.3
4005,6.795
26783,5.75
6432,6.525
2863,6.92
4030,7.245
13788,5.5
3311,6.955
2988,6.94
23870,6.23
22447,5.725
429,7.52
11532,6.345
27397,6.26
23526,6.745
28140,6.17
14379,5.835
27026,5.8
12647,7.515
19847,7.2
26814,5.755
24462,6.195
9563,8.57
18924,5.3
12309,5.305
28923,6.185
1938,6.665
2928,7.17
11793,7.015
4993,7.24
10778,6.705
20038,6.38
16842,7.875
6580,6.63
19509,6.585
3684,6.675
9817,3.995
26165,6.06
5579,7.66
8194,6.845
23145,4.375
17488,6.9
7591,6.43
20117,7.025
22052,5.96
14017,6.26
12662,6.705
27299,5.545
6499,7.51
1288,6.52
25377,6.47
22463,6.44
22123,6.83
20282,7.175
2692,6.53
7100,6.26
26278,6.01
6303,8.22
18930,6.18
16777,6.56
2712,7.99
21487,6.855
27346,5.61
16893,7.135
20782,5.695
22020,6.705
14429,8.035
3164,7.77
18650,6.37
21495,6.585
12526,6.765
18529,7.895
24594,5.965
15000,6.635
16017,6.015
17539,7.87
11305,7.145
20049,6.19
28907,5.46
5715,8.17
21760,7.025
25017,6.035
6247,7.245
29112,5.8
5061,5.885
21845,5.77
1182,8.16
4715,7.86
22307,6.67
6008,6.165
19130,6.415
21489,6.615
11273,6.155
13511,6.12
7558,7.015
11067,6.22
4182,6.675
12429,6.775
4739,6.115
2600,1.795
9897,6.445
2425,6.09
22400,6.395
3502,6.815
17909,7.665
9583,6.495
6461,7.0
20652,7.16
16478,7.555
22656,7.375
4962,6.415
9137,7.04
17824,6.75
9222,8.345
16697,6.67
19988,5.6
28955,5.5
783,6.61
3854,7.645
27708,6.34
19668,6.32
1928,7.53
16391,8.01
21031,6.255
22707,6.335
21171,8.24
24593,6.54
26332,6.575
8654,5.51
111,6.73
10817,7.655
16188,7.96
8185,4.985
13590,7.41
23879,6.23
21817,7.035
21795,7.77
6974,6.56
19492,6.87
12810,6.67
21084,6.59
24885,6.295
13043,7.4
1702,4.34
14186,6.01
28881,5.655
21717,6.51
22836,6.035
25296,6.115
23924,7.085
23724,6.845
22191,7.68
13190,6.14
26139,6.015
1664,6.7
9536,6.16
18160,7.045
15608,7.04
14110,7.57
19185,7.065
24709,6.155
24207,5.785
2731,6.265
26916,5.805
20348,7.17
6881,6.77
24584,6.725
24601,6.915
25288,5.91
19683,7.385
13210,6.86
21098,6.845
6214,7.215
4473,7.86
14721,5.985
1137,7.41
14856,6.2
26611,5.73
26843,5.555
18966,6.175
11708,6.625
19418,6.77
26050,5.57
28837,6.065
14792,7.905
13068,5.715
6607,7.25
24490,6.04
18405,7.1
26956,5.77
23221,6.62
8993,7.44
2173,7.065
26441,6.265
21598,6.465
8586,6.455
16063,6.24
17687,7.615
2046,7.49
14102,6.41
13335,7.13
18541,6.845
952,7.355
18173,7.88
9699,6.12
16137,6.25
15019,6.205
25998,6.5
19400,6.84
17846,6.45
19488,7.765
992,6.555
8388,7.57
145,7.065
10615,6.45
1090,6.72
5824,5.885
26420,6.52
18066,6.18
18076,6.655
431,6.6
5642,7.125
15070,6.09
13171,6.86
19109,6.555
26389,6.265
1465,5.855
4437,7.165
1865,6.915
16075,6.13
26341,6.225
3923,6.54
20775,7.065
19151,6.09
10153,6.96
4774,5.86
11040,6.93
22831,5.2
3372,6.885
24900,6.245
1919,6.33
9892,6.475
11989,7.195
833,7.09
27194,5.72
22409,7.1
27457,5.775
20806,6.395
18663,6.0
23668,5.895
11963,6.695
9047,7.435
8082,6.355
6282,6.67
9050,7.195
24847,5.835
18614,7.31
12594,7.555
3466,6.64
6186,6.585
8484,5.785
3950,6.97
16711,5.82
17983,7.5
15266,7.07
4275,7.19
20838,6.12
21465,6.8
20,7.47
4605,5.11
18984,7.855
27671,6.02
11873,7.18
11119,7.035
6295,6.885
21614,6.405
28393,5.465
2062,6.885
24708,6.06
6656,6.275
13164,6.42
23664,6.29
27810,5.87
6426,7.06
24168,7.62
28570,6.045
24081,6.21
20812,6.505
13980,6.89
9435,7.615
9482,6.725
15782,7.705
9544,6.805
6009,7.625
8480,7.135
13151,7.805
2945,7.13
13339,5.28
26512,5.7
3080,7.23
2420,7.92
8235,4.015
4435,7.295
23628,6.13
2248,5.94
21143,6.565
14520,5.49
5218,6.96
16795,6.115
25245,7.525
22973,7.295
17410,7.06
12982,6.865
1693,8.065
23410,6.155
21431,7.15
2572,5.69
11859,7.145
27875,6.69
7709,6.59
4286,7.9
4414,7.395
20679,7.56
25528,7.13
10403,7.04
10808,7.725
10061,6.885
1874,8.605
19753,6.115
27018,5.03
20624,6.305
25567,6.06
3149,6.845
22253,5.705
2218,6.665
24312,5.815
26511,5.795
15769,7.575
879,7.975
25078,6.525
5714,6.185
10380,6.975
22798,6.785
5580,7.455
220,6.755
893,6.89
15531,7.65
1951,7.285
1625,6.53
22101,7.165
4779,6.635
14589,7.485
29108,5.97
26089,5.975
21053,6.605
28900,5.985
24028,5.685
24937,6.32
27975,5.515
5629,6.68
3731,7.1
23087,7.06
18297,7.21
2719,7.63
8492,8.07
3522,6.87
12821,6.45
26362,5.53
28764,5.76
24232,5.82
16672,6.41
16171,7.13
6638,6.86
4334,6.88
17005,7.15
8040,7.465
4893,6.195
21693,5.67
28526,5.955
21494,5.295
3542,6.415
27976,5.575
1521,7.415
25526,6.005
1393,5.535
6333,6.38
25792,6.225
4480,7.23
19571,6.53
26239,6.025
4888,7.465
17046,6.725
3198,6.425
24138,5.925
9091,5.965
28700,5.405
328,7.74
5190,6.445
15745,6.43
3415,7.035
19894,6.795
20368,6.71
4298,6.495
914,7.91
4354,4.39
17162,6.79
26406,6.725
23116,5.855
28516,5.905
21510,5.835
17314,6.3
18543,6.845
318,7.63
28914,5.64
14768,5.92
26141,5.605
5035,7.25
27855,5.56
4705,7.42
26504,6.88
23529,6.25
27280,5.935
13491,6.455
18148,5.41
26498,5.565
27818,5.81
24777,6.595
12479,7.025
12792,6.2
441,7.95
795,6.925
28859,6.055
12421,6.53
25999,6.39
6345,6.81
6447,6.99
20438,7.32
17031,5.92
12757,6.79
12684,8.27
28891,5.62
27448,5.45
17888,6.45
24695,5.59
28211,5.555
29120,5.69
24153,6.01
28644,5.835
27956,5.8
15112,6.62
28584,5.48
22022,7.285
14890,7.21
28260,5.11
17266,7.24
23423,6.67
24567,6.375
26449,6.115
27853,5.89
23027,5.78
17072,5.74
19399,7.28
23824,6.605
13392,5.54
29030,7.61
18305,6.92
16247,5.9
24216,6.02
21152,5.98
1549,7.695
551,6.955
24670,6.125
7767,5.39
21855,5.82
14920,5.29
2520,6.945
22607,7.44
28671,5.935
16969,7.03
20126,6.38
4823,5.905
21685,6.565
20342,6.64
27825,5.945
15559,6.235
8340,6.1
14106,7.18
23287,6.19
22327,6.13
23496,6.955
13516,3.52
11082,6.72
20398,6.405
13323,6.57
21858,5.98
19513,6.16
18653,6.43
11110,7.82
9852,7.53
4200,7.285
28618,6.15
18327,6.27
21815,7.195
26034,6.175
21820,6.51
13895,6.785
29073,5.87
4843,7.8
19177,6.12
27759,5.57
6417,7.95
2755,6.44
12015,5.63
26673,5.865
1368,7.555
6353,6.73
23699,7.6
28874,6.085
24718,5.845
22993,7.14
5140,7.175
27797,5.74
8521,3.92
27122,5.805
18717,6.76
12739,7.945
23256,6.955
21364,6.635
2309,6.555
26455,5.885
7890,8.005
12957,6.785
22903,6.8
11129,7.41
6906,6.49
22792,7.35
25534,5.415
9562,6.88
26937,5.555
7657,7.205
22166,6.795
16724,6.58
23067,6.26
21771,6.445
16739,6.865
27597,5.78
26182,6.03
21220,6.385
23690,6.335
28968,6.155
26632,6.03
12448,7.17
23578,6.485
9935,5.12
16029,6.745
9649,6.58
7947,7.525
27498,5.94
19506,5.335
22717,6.725
23943,6.755
10052,6.125
28523,5.535
16706,6.53
14495,6.975
14230,7.74
21280,5.985
2997,6.78
15221,5.49
26128,7.26
5512,6.58
7793,6.965
13776,8.305
1925,6.745
958,5.765
15771,7.845
28889,5.74
20563,7.49
17869,6.64
27934,6.065
16851,6.265
22847,7.1
28408,5.96
16663,6.755
26363,6.44
22377,6.3
1274,7.42
28424,5.975
9463,7.975
12481,6.455
11075,6.525
21862,7.27
1060,7.175
26025,5.945
26309,5.54
592,5.78
12092,7.935
10909,7.145
29148,7.74
20924,3.715
2295,7.435
13524,7.545
20687,6.51
7792,6.125
823,7.73
17041,6.695
21759,6.52
20291,7.605
553,6.455
16752,7.785
14490,7.87
2347,6.225
17064,7.76
23444,7.025
16207,6.67
26419,5.845
15842,6.735
14811,6.335
6060,8.425
11140,6.675
21635,5.835
27965,5.705
27478,5.59
9354,6.76
10767,5.665
12668,6.505
8404,6.625
6058,6.605
16221,7.45
28008,5.785
7676,7.285
7346,7.135
12838,6.17
13739,7.365
10617,6.785
6219,6.9
15478,4.565
17816,6.69
13880,6.275
27760,5.33
14699,7.485
16910,5.98
22734,7.45
3172,7.34
28078,5.715
21604,6.64
12850,7.72
21567,7.17
23913,6.8
356,7.415
26240,5.625
28641,5.62
18695,7.56
21190,5.88
4915,5.67
3911,7.655
25218,5.91
11141,7.045
3102,6.23
28490,6.665
20272,8.52
7130,7.115
25583,5.69
244,6.06
11419,7.55
5662,6.555
986,7.725
25787,5.99
1561,7.64
18814,7.195
24303,5.495
10470,7.09
14334,7.195
7625,7.23
28296,5.01
12689,6.095
23715,6.555
13033,6.47
20868,3.8
21370,7.535
11230,5.59
15748,8.275
5161,6.92
15926,6.675
24313,6.75
28381,5.605
24689,6.005
5498,5.28
5999,6.46
22688,5.645
14533,5.805
20472,5.39
9425,6.935
21697,5.96
17960,5.99
10490,7.655
15284,6.545
17665,7.29
12376,6.01
14039,6.96
8968,6.585
10933,7.385
1536,5.3
21244,6.83
10154,7.715
5434,7.545
29134,5.88
16427,5.595
26321,5.665
24870,5.775
12532,6.915
18527,5.82
17000,7.785
16387,4.405
19772,6.87
25036,5.82
16785,7.305
13465,3.76
5519,6.21
24293,5.9
25795,6.075
28689,5.485
27172,5.985
27917,6.075
5481,6.625
9743,5.565
13842,7.565
9688,7.755
21405,5.735
17195,7.465
8240,5.55
11173,7.03
25059,6.715
18561,7.25
26185,6.0
21119,6.31
10810,7.43
20860,7.92
25781,6.17
24743,7.395
24142,6.06
5586,6.985
17604,6.28
23698,6.335
1902,6.795
16299,7.64
18002,6.48
14781,5.575
12187,6.13
9767,7.105
1350,7.105
5158,7.15
5024,6.705
3175,6.275
15425,6.87
19282,7.34
17780,6.945
21047,6.79
15074,7.75
21554,6.25
19951,6.33
20702,5.95
7059,6.15
17849,7.58
23498,6.83
9391,7.52
14348,7.88
15512,7.92
23314,6.72
25558,5.85
26101,5.635
18341,5.19
22190,6.12
24237,6.67
14326,6.29
16683,7.24
24622,5.5
20847,6.495
18724,6.6
4220,7.56
840,7.25
21384,7.555
21415,6.655
26622,6.66
6032,6.07
14115,5.89
158,7.73
28678,5.68
23946,6.03
22891,7.13
23022,7.14
14415,7.815
21945,6.56
16456,7.495
23735,5.865
15853,6.245
27714,5.69
12269,6.395
11918,6.895
17107,7.19
13539,6.695
17799,5.34
19845,6.35
4296,6.765
24806,6.485
18920,6.54
26273,7.1
4826,7.41
2101,7.46
3265,8.205
18816,6.16
13684,5.795
11681,7.85
28462,6.065
21399,6.815
16730,7.35
24880,6.265
21477,5.41
25825,6.325
20300,7.075
26391,6.315
11304,7.065
9948,6.04
10666,7.88
24211,6.575
4602,7.36
2854,6.7
20682,6.095
17401,6.31
28351,5.845
3114,6.715
3234,7.075
28574,5.395
22317,6.58
15476,6.28
11610,6.11
10098,6.55
8450,7.075
5506,6.05
8995,7.18
11298,3.87
19601,7.66
18765,5.705
29147,5.76
27277,6.015
13557,6.8
3800,8.82
23577,7.09
16453,4.88
15759,6.91
16987,7.275
1041,7.54
29096,6.005
29140,5.905
14173,7.105
14049,7.75
18610,6.76
22750,7.365
4258,7.86
27140,5.715
22450,6.875
4101,7.385
559,6.78
2605,7.855
10343,7.695
14761,5.335
18597,7.48
17880,6.75
2637,6.92
1588,6.005
4653,7.795
8064,6.745
22338,6.345
27044,5.575
20910,6.18
1809,7.09
152,6.59
21992,6.535
1035,7.325
14996,5.695
16645,7.105
25994,6.055
14831,6.295
22995,5.705
25784,5.985
18218,7.065
15358,6.295
12979,6.47
17927,6.84
15709,7.475
26188,5.825
1582,7.08
4646,6.855
1842,7.36
23705,7.025
24350,6.55
28594,5.2
15204,7.435
18836,7.365
10811,6.605
26288,5.905
15670,7.16
27999,5.935
5267,7.555
13213,7.62
22870,5.655
19787,7.215
3552,6.075
4580,6.57
24848,5.54
3850,7.015
24369,6.15
16821,6.67
20533,6.395
25184,6.495
28799,5.985
14222,6.995
5576,7.095
7234,7.28
24453,6.26
7742,7.215
26982,5.67
11704,7.23
20813,6.885
8217,6.695
22280,6.43
12049,6.705
20776,7.02
15109,7.43
5223,7.61
23334,6.18
868,7.425
8722,6.745
18268,7.41
270,6.95
1011,8.095
28962,5.535
9816,3.795
18900,7.61
8764,6.615
1700,6.98
5285,6.82
29212,5.625
1812,7.885
23066,6.295
13158,6.12
22588,6.12
23610,6.655
8944,7.405
6428,7.98
6531,8.345
26980,5.615
11223,4.59
22236,6.89
1837,6.51
17901,6.8
11576,6.175
9363,7.18
19935,7.225
17348,6.5
23223,7.225
12474,7.54
28947,6.06
26390,6.69
24115,5.84
11399,5.805
10474,7.69
6111,6.825
10983,6.08
3905,6.975
25419,6.45
10279,5.465
20299,5.49
1655,6.845
13222,6.705
8658,7.22
19619,5.935
15045,7.125
24617,5.99
17384,6.15
3421,7.7
24603,5.485
19529,6.125
23363,7.51
15514,7.125
11718,7.435
14470,7.56
9856,7.695
16048,5.885
10226,6.665
27988,5.495
19252,6.815
6708,6.525
8443,6.765
24198,5.685
24272,6.01
15455,6.72
26400,7.21
3227,7.01
10070,7.485
671,7.1
14592,5.84
17926,6.845
28729,5.68
3269,7.965
20178,6.42
20901,7.115
4406,6.35
24679,6.765
25652,6.1
7630,6.415
17485,6.105
11134,6.86
12059,7.445
12042,8.085
19902,6.325
24761,5.965
9512,7.55
17994,6.58
26103,6.45
18016,6.39
4181,6.875
25738,5.895
2075,7.12
22620,6.135
10191,6.23
13114,4.725
22666,5.575
24121,6.565
29121,5.82
26566,6.04
12738,6.655
10944,7.795
24191,6.365
25384,5.745
28101,5.895
28083,5.775
22483,5.29
16374,6.675
17013,6.76
593,7.23
7810,7.245
4929,7.165
23308,6.685
1343,8.28
18294,6.095
26898,6.025
16275,7.305
27910,5.435
10821,6.17
3139,6.92
18239,5.85
24864,7.45
15137,7.545
10785,7.54
14834,7.14
17355,6.4
20850,7.625
28103,6.025
22058,6.425
7447,7.17
26291,5.795
5487,4.525
18390,7.09
17160,7.55
22053,6.34
17489,6.815
28940,5.485
11018,5.35
4329,6.855
4976,7.535
27324,6.95
18226,7.355
16507,6.795
21276,6.79
14883,6.765
3532,7.575
7733,7.0
23935,6.91
12417,7.295
6183,7.185
10170,6.685
22212,7.305
19968,6.745
25521,6.04
6038,6.345
6020,6.715
16175,7.4
29001,5.92
19729,6.435
3541,7.195
25740,5.785
14324,6.565
12722,4.85
19266,7.11
11157,7.32
17426,7.475
25287,6.345
14577,6.475
1200,7.7
26250,5.84
15281,6.915
18531,6.915
284,5.435
20955,7.08
16090,6.2
4166,7.715
21343,6.18
18785,5.015
5451,6.28
24497,5.68
25283,6.035
4934,7.265
4438,7.805
3430,7.165
24751,5.645
5355,7.535
408,6.7
28785,5.5
17553,7.9
6082,6.775
24285,6.05
6352,6.73
14515,6.08
23085,6.63
5497,6.505
24372,6.49
5011,6.915
23209,7.33
3752,7.105
175,7.765
9598,7.925
14784,7.31
28979,6.245
24983,5.65
16725,7.405
14952,5.97
13292,8.215
2696,7.38
28038,5.635
25052,6.275
8851,3.95
23128,7.685
16600,6.98
23302,6.855
27982,5.31
1828,6.85
11241,5.855
14678,6.31
17302,6.355
1751,7.27
7880,7.825
26032,6.015
17310,7.965
10932,6.795
18448,6.24
24980,5.98
26587,5.845
8625,6.71
25485,5.705
28001,5.765
4549,7.76
9282,7.7
27016,5.925
18444,5.845
7051,7.135
5794,6.415
22713,6.225
8969,6.51
10701,7.445
9040,7.565
27786,5.64
19636,6.335
27068,6.375
28749,5.76
6196,7.635
7257,6.905
27228,5.755
24098,5.87
13540,6.44
19737,4.995
6495,7.265
20835,6.21
18774,6.165
28383,5.77
9480,7.365
5984,5.535
8610,7.67
23048,6.015
25965,5.515
18008,7.255
14279,7.265
26281,5.535
24341,6.565
6922,8.025
18290,6.585
24552,6.015
24559,6.11
21875,6.59
12013,7.495
2353,6.765
6923,7.765
22231,6.035
3318,7.66
1454,7.465
684,7.085
26686,5.98
18713,7.2
10606,7.565
12174,7.0
8994,5.59
16595,7.12
20115,5.8
10612,7.645
4170,5.685
9799,7.55
18440,6.58
8685,6.62
6895,8.04
4253,7.595
19602,7.24
24692,6.26
123,7.825
29082,6.025
27864,5.98
11497,6.62
16407,7.555
19178,5.8
22560,6.88
19540,7.435
3565,6.465
8191,5.37
26868,5.495
8485,6.91
2117,7.39
11259,7.355
17235,7.01
17001,7.28
9187,6.79
8239,7.465
12434,7.135
3679,6.945
869,7.555
19199,4.985
23469,6.18
20169,6.6
24212,6.15
17545,6.43
18599,6.405
9447,7.785
27517,5.815
14773,7.205
17591,7.845
23146,4.695
23009,6.315
27545,6.055
18734,6.86
6050,6.72
25752,5.88
27398,5.935
23850,7.045
13125,7.725
699,6.94
16305,7.46
28888,6.21
9166,8.265
316,5.52
12620,6.375
1213,7.015
7929,7.26
2273,6.4
17481,7.15
11795,5.47
19822,5.935
7219,6.97
3526,6.455
15280,7.66
28487,5.8
12078,7.335
12883,6.445
13200,7.315
21088,6.41
23960,5.655
7305,6.145
18884,4.72
10545,7.385
20162,5.74
18453,7.37
25826,5.995
18429,7.265
28927,5.635
18342,5.41
13968,6.92
12067,7.965
21317,6.57
21941,7.165
13919,6.44
18502,7.76
28444,5.81
2833,7.0
10314,5.825
4413,6.76
12603,7.14
13445,7.255
25103,6.285
20992,6.66
19091,7.185
6051,7.01
11962,6.18
25803,5.98
13907,7.04
28380,6.295
20995,5.235
10795,5.785
27468,5.88
21314,6.28
28376,5.915
26238,6.015
4627,8.265
19140,6.83
8820,6.47
1685,7.555
19314,6.035
20350,5.535
25396,6.36
26328,5.875
23836,4.67
6801,7.195
26535,6.205
23653,6.87
13714,5.095
13737,5.335
14879,7.52
21012,7.195
12519,7.465
8418,7.615
10750,6.725
10159,7.15
2616,6.28
6594,7.07
23962,7.67
10341,6.31
26130,6.19
6838,7.43
19103,5.045
18470,6.99
22934,7.59
2366,7.06
14489,7.925
2314,6.37
20123,7.25
7717,7.575
8680,7.27
25025,5.66
5522,6.62
14895,5.495
12699,7.11
26098,5.275
25097,6.425
29075,5.66
19785,6.135
24614,5.795
4278,7.08
15014,5.105
5257,7.485
12345,6.16
6899,7.305
14133,6.125
14953,6.495
12615,6.16
25956,6.88
22652,6.385
11611,6.29
13761,7.335
29046,5.835
6416,7.98
5718,7.48
5483,5.88
5812,7.38
12313,6.925
16536,5.875
786,6.755
10231,6.84
1077,7.39
22747,6.515
25133,6.255
25495,6.235
20317,7.165
4610,5.92
27915,5.525
25339,6.86
24543,5.805
16524,7.075
21619,6.035
17970,7.095
895,7.98
3747,7.18
29069,5.985
18784,6.47
1731,6.425
1920,7.695
15820,5.715
22235,6.415
24808,5.975
21057,4.3
12272,6.29
1303,6.19
12372,8.365
18112,6.845
17867,7.6
15207,8.18
22892,6.825
6276,6.315
25231,5.905
25221,6.7
1309,7.385
26108,5.875
16937,7.055
25656,5.735
759,7.705
23278,6.785
19436,6.415
1155,6.995
23002,6.315
18792,7.27
10391,6.755
16798,7.2
24324,5.975
8642,6.82
9689,7.625
174,3.96
2083,5.8
28241,5.93
19850,6.385
24780,7.08
25225,6.165
25513,5.97
16257,6.12
23401,6.76
22286,6.07
19638,6.18
138,7.035
28675,5.885
17618,7.05
19485,7.655
14968,6.22
3867,4.85
7220,7.84
1108,8.525
27380,5.665
4657,6.82
26550,5.74
22224,5.6
10550,6.655
15055,6.64
19441,6.1
9353,7.16
7422,6.485
12263,5.58
26732,5.71
14581,6.715
20063,7.585
25003,6.205
10600,8.05
21500,6.78
11207,6.305
18801,6.465
19883,6.75
5348,6.77
11753,7.135
11575,6.68
16390,4.795
20646,7.405
7807,8.14
28758,5.655
5222,7.515
263,6.12
12786,6.63
6147,6.72
2143,7.57
4841,6.46
7964,7.79
3953,6.77
7661,8.02
12230,8.175
10101,7.235
8069,7.93
27980,5.835
15209,7.53
12239,7.77
1134,5.825
12570,7.355
234,7.115
7450,7.435
18164,6.36
23970,6.29
26274,6.775
28042,6.045
28000,5.625
11427,5.3
29219,5.785
4997,7.195
1349,6.875
4428,6.67
14816,6.805
24134,5.775
5151,7.43
10769,6.32
1403,5.98
5946,5.53
15131,6.68
2219,6.595
15305,7.53
27141,6.08
13614,6.335
18802,5.64
107,6.94
20042,7.565
19885,6.41
12009,6.99
27218,5.0
26423,6.165
8461,6.495
8438,5.88
11654,6.26
19255,5.955
26923,5.87
1745,6.705
14599,6.79
23889,5.925
27097,5.755
3720,6.695
15049,7.17
3993,5.835
6019,6.79
1400,7.655
26407,6.325
7878,6.59
1994,6.77
28946,5.395
4366,7.27
25075,6.265
2127,7.21
12813,6.195
19303,7.095
26421,6.495
23000,5.745
16057,8.135
28413,5.73
18671,7.935
3869,6.61
19716,7.85
25168,6.5
15642,6.695
7746,7.08
19924,7.4
7801,6.39
8867,5.595
3131,6.32
3127,8.4
18247,7.285
24753,5.89
18970,7.675
5039,7.49
20509,6.595
12207,7.85
9145,7.12
1660,6.625
23933,6.19
22846,6.48
17182,6.375
20319,6.44
26579,5.615
28060,5.56
21324,4.985
16193,7.855
26069,7.325
20296,7.64
16865,6.215
2751,6.725
17032,6.215
24283,6.18
18396,7.175
1613,5.735
24521,6.24
4647,6.955
8957,7.305
27619,6.455
21804,7.13
10542,5.345
23417,6.21
10120,7.415
24261,6.245
17085,6.92
18237,7.295
18358,7.29
9889,7.015
22556,6.32
22301,6.44
25468,6.68
28039,5.9
6757,7.185
3568,6.78
23479,7.41
16469,7.03
8717,6.97
12472,7.04
7454,5.92
3513,8.755
4614,6.64
22723,7.69
28830,6.49
6680,6.29
19879,6.265
5452,7.125
25537,6.045
17460,5.955
2457,7.085
19960,7.855
18979,7.345
23887,6.825
10553,7.255
21122,6.585
23967,6.515
24904,6.275
29065,5.56
1818,5.68
26453,6.195
26906,6.015
25874,6.475
21135,6.155
24357,6.065
22815,5.675
2477,4.545
3986,6.635
21985,6.295
23243,6.335
5495,7.195
10492,7.1
3629,7.555
5802,8.09
2501,5.78
4238,7.095
4078,6.575
17754,7.675
16642,6.115
3753,7.385
17407,7.25
2181,8.35
14660,7.335
28210,5.725
25953,5.76
872,7.66
16779,7.915
27887,5.635
1254,5.82
10352,7.29
17268,5.635
19593,7.245
14291,7.105
4687,7.11
15470,6.25
3620,6.47
688,6.56
18546,6.88
15554,7.2
11707,7.125
19769,6.555
23947,6.005
5858,6.175
312,5.91
12091,7.375
15083,7.435
11752,6.815
26470,5.8
9382,6.825
17750,7.015
9330,7.965
20561,6.155
6092,6.435
6849,6.23
20617,6.845
16404,7.68
20664,6.89
1915,6.27
4171,7.22
8660,6.7
16638,6.74
5017,7.45
15030,5.805
9438,7.415
26750,5.455
27661,5.835
11469,6.685
18136,5.64
21058,5.48
2604,8.0
11242,4.68
2552,7.245
8542,7.54
9565,6.74
21491,6.31
1921,5.87
11866,5.945
2335,7.485
20577,7.555
20235,5.835
22532,6.105
28950,5.61
19096,7.635
16042,7.1
13259,5.515
23480,6.955
3885,6.27
245,7.35
22448,6.1
9537,8.36
18017,7.205
19577,5.71
17567,6.815
27961,6.225
7105,7.44
28265,5.885
21706,6.9
1490,7.715
23565,6.96
24538,6.31
11038,6.725
6197,7.685
20791,6.41
20186,7.04
20332,7.91
28931,5.62
9538,6.52
18252,6.6
22091,6.355
1997,5.745
13765,7.015
13334,8.39
9228,6.75
4669,7.16
28180,5.52
28263,5.7
21427,6.56
28352,5.91
2926,6.84
14558,7.56
27779,6.04
28209,5.695
6538,7.055
23727,6.5
29167,6.045
9198,6.725
23878,6.675
22100,6.74
11159,5.735
8871,6.105
20975,5.955
27630,5.89
9962,7.07
23023,6.23
14431,7.855
15889,7.415
25746,5.83
21680,5.9
4793,7.005
14870,4.635
28212,5.875
4385,6.115
26100,6.035
13197,7.705
17439,6.805
11413,5.795
12487,6.6
12704,8.15
12683,8.22
14255,6.48
27719,5.98
28643,5.62
16420,6.385
25841,6.51
11239,7.57
9904,7.095
18793,5.84
20520,5.91
29174,5.685
28728,5.5
15195,6.35
13004,6.6
27770,5.6
4936,7.28
24942,7.66
13462,7.3
11976,7.175
22725,5.815
26120,6.0
2344,6.445
22419,7.645
1432,6.69
3655,6.795
9199,6.505
20277,6.34
25960,5.97
9085,6.325
26569,6.095
16274,6.54
5799,6.845
26180,6.105
1125,4.93
11629,7.595
27384,5.525
61,7.17
27717,5.77
25991,6.185
11350,7.995
24339,6.07
15781,5.355
25995,5.68
4691,6.445
21846,6.895
6450,7.415
9864,7.59
12861,5.49
28102,5.855
4907,6.73
20437,6.965
21668,6.705
12154,5.93
7749,7.325
3745,6.94
11627,5.25
22411,6.575
9317,6.515
22204,7.22
26189,6.265
7274,8.275
27633,5.755
4289,6.69
24194,6.04
25684,7.635
5744,6.8
28422,6.505
19996,5.615
15239,6.62
10230,6.365
14507,7.565
737,6.92
24323,7.045
14704,6.965
26494,6.04
14329,6.4
643,7.725
17787,7.27
6710,6.74
2710,6.22
27120,6.18
6410,6.675
23049,6.145
5740,6.95
8123,5.895
5248,7.055
18205,6.71
17468,6.52
14532,7.1
16754,7.425
26196,6.105
10324,6.835
24841,6.335
25697,6.375
23981,6.22
2625,8.155
29163,5.625
10756,6.855
66,7.14
17704,6.96
24440,6.35
6686,6.355
16121,6.43
14321,6.035
10242,7.865
4740,5.675
26038,6.53
8162,7.525
26343,5.985
7372,7.115
25717,6.86
23757,6.19
24746,6.3
14107,6.99
20921,7.405
23942,6.285
9974,6.66
5454,4.085
81,7.005
21674,6.915
704,7.02
22885,6.65
23638,6.11
7133,5.395
19596,6.285
27158,6.13
6192,6.095
1296,7.84
28148,5.745
17737,7.835
23484,5.365
25900,5.97
28717,5.96
23397,6.155
8830,6.49
7160,7.74
24408,5.79
21133,5.435
14315,8.34
19195,5.7
15188,6.955
4176,5.845
4440,6.725
18296,6.215
4486,7.355
11154,7.275
3860,5.365
13513,6.24
9887,7.12
8338,7.54
18215,7.74
3783,6.765
3324,5.515
11639,7.47
27617,6.125
25882,5.77
22629,5.965
28386,5.425
2808,7.59
12491,7.135
9696,7.73
21326,7.835
102,7.29
23055,6.805
4986,7.035
27386,6.405
7252,6.39
27844,5.865
194,7.78
5373,5.53
13995,6.94
1596,6.68
16039,6.815
1416,7.825
19564,5.975
9170,6.585
12237,7.705
19077,6.68
10776,6.575
12123,7.845
17238,6.225
172,6.775
12967,6.975
5381,6.52
14446,6.315
3715,7.315
1502,6.98
28070,5.325
3955,6.84
17699,6.09
10629,6.495
685,6.55
12304,5.35
23381,5.855
19647,6.745
755,7.505
18954,6.7
12330,7.11
29097,5.665
7157,8.255
28747,5.705
3154,7.755
9493,7.315
16367,6.35
5617,7.75
19700,6.51
27071,5.74
19961,5.98
21559,6.465
1463,7.215
12706,4.91
873,7.125
18029,5.62
2364,6.94
4941,5.2
14510,6.495
26439,5.875
17227,5.855
17690,6.975
15662,7.475
27609,5.475
14993,6.575
20598,6.465
10272,6.875
2388,6.66
5091,7.375
22956,6.99
5169,7.475
11341,7.785
22320,6.81
18996,7.09
3716,7.82
17659,8.44
10624,6.51
21291,6.86
21857,6.22
10368,5.09
24003,5.83
12984,6.775
24238,6.545
12531,6.89
29031,5.615
22339,6.59
7812,6.455
14441,5.715
18333,7.775
28245,5.345
24110,5.87
17768,6.625
23928,5.77
1456,7.325
20819,5.57
24395,6.1
5453,5.415
3886,6.145
16145,6.645
22025,6.695
1075,7.68
15191,5.16
5001,7.415
18931,6.815
23071,7.425
19609,7.9
1848,5.395
18664,7.49
20654,7.32
25764,5.79
5707,7.88
8496,6.88
9849,8.1
18666,6.975
26296,5.87
16907,7.05
16136,6.65
26905,6.915
27834,5.685
9229,7.32
25165,6.08
2923,7.58
23234,6.33
18842,6.33
17474,7.845
1312,6.015
11930,8.03
10373,6.69
14900,6.79
20601,6.445
4829,7.53
21141,6.915
7057,5.31
5598,6.715
12568,7.075
16297,6.635
12593,7.15
19926,5.955
18549,6.84
7335,6.08
15108,6.505
1247,7.275
25791,5.69
19066,6.66
16051,7.075
13896,6.655
19429,5.6
18365,7.91
26960,5.745
5542,7.87
23311,6.16
26456,5.89
13189,6.29
17733,5.195
14725,6.96
3440,7.61
15658,5.77
17770,7.38
11354,7.23
27541,5.57
23382,8.64
22549,7.27
13905,6.985
24029,5.71
2039,3.83
13315,5.835
24591,6.525
4804,7.01
12811,6.035
2761,6.48
6913,6.695
24546,6.065
468,5.155
13783,6.79
22594,6.575
9660,7.23
22758,7.35
18217,6.945
16554,7.825
14336,6.945
27579,5.975
25731,6.535
21472,7.01
26784,6.22
5855,6.785
19751,6.965
3838,6.36
13584,5.96
3671,6.505
6973,8.015
8606,6.255
26659,5.935
25266,6.895
23387,6.335
17530,5.595
16823,6.715
47,5.95
18640,6.525
6514,8.01
600,6.75
8556,7.155
17422,7.68
11772,6.885
18974,5.97
9885,5.89
16095,7.46
14036,5.9
24623,6.185
2128,6.84
5417,6.46
24288,5.96
4104,7.12
5398,5.855
21791,7.005
20622,7.885
15733,6.07
14684,5.235
25085,5.65
7758,5.38
16902,7.22
10870,6.935
19895,6.49
12987,7.26
8024,5.795
12060,7.61
8370,7.445
23706,6.345
24828,6.56
1763,6.635
13886,5.785
29011,5.635
6,5.02
14030,6.5
16585,7.135
16056,7.17
27477,5.72
9249,5.765
1634,7.35
25087,6.06
28288,5.585
23848,5.59
17446,6.81
22736,7.655
22015,6.315
9947,5.465
23400,7.68
26168,5.85
19650,7.05
17643,7.37
28022,5.81
4947,7.055
9655,6.825
28230,5.87
18981,6.86
22714,6.38
1165,5.975
1501,6.38
17242,6.665
11747,7.59
18227,7.385
27500,5.465
13070,7.555
11731,7.485
9034,6.64
6823,7.0
7092,5.665
14947,7.115
14137,7.69
2706,7.08
13505,6.36
15158,7.255
5711,6.35
7180,6.285
884,6.245
5407,6.725
4386,6.825
27359,5.915
10270,7.5
17565,6.495
18398,6.66
28664,6.58
17179,7.88
11390,6.765
5979,7.75
25807,7.16
15003,7.21
1279,6.855
22458,7.75
5189,7.21
5566,7.265
6142,6.07
26471,6.36
22989,4.715
13759,6.62
28174,5.75
15674,6.875
24659,5.865
24684,6.86
21170,6.79
11964,7.235
5083,7.195
7185,8.59
6013,5.81
11817,7.435
10886,7.03
22273,6.325
26302,6.015
20046,5.905
23399,6.47
27503,6.105
16503,6.275
7052,7.345
28509,6.335
24127,6.87
27908,5.705
17473,7.245
19958,6.59
14028,4.87
6711,7.96
8566,5.395
12402,5.18
17074,6.28
16856,7.435
17719,8.175
21514,6.105
25372,6.15
10223,6.155
5025,6.38
3445,7.7
1736,7.785
28973,5.68
17708,7.725
23357,6.915
1669,8.18
16583,7.155
21480,7.28
18343,7.245
16885,6.18
24773,6.655
21259,6.465
9371,8.03
23226,6.37
26623,6.045
13814,7.68
